"Y","L1","L2","L3","X","Z","W","wt"
0,38.8563563540135,1,0.347644788901704,1.33823483659656,2.52278828006361,0.173619134192272,34.4290323272056
0,39.7475978778712,0,-0.738739542575096,0.39,4.98574711806179,0.0558430679974265,23.6781286160959
0,68.5876275600631,0,-1.1531575479291,0.39,1.69,0,7.89957596438056
0,65.7920573523095,2,-0.170340603708609,0.39,2.08508378911919,0.138338087298292,11.047138458326
0,32.6065814042715,2,0.149379123433978,2.62153067135874,5.68459660616981,0.150456088186758,15.6593623493137
1,46.9419230960644,1,3.04833123988589,1.02812385105149,2.57856626684503,0.590266704249817,1.01747688254919
0,41.1428752236642,0,-0.269610099198746,0.998632181364899,3.72764338948432,0.0712221109012295,13.497923528685
0,24.3611958327555,2,-1.14375325468328,2.57783092824275,6.4729304477734,0.066881038587773,12.936866687159
1,56.0742659743664,0,0.189061276680531,0.39,1.69,0.310539392910266,1.01747688254919
0,52.80082345242,0,0.105656682973042,1.93820866825595,6.60233676405254,0,12.0224227891745
0,53.3350953678544,2,-0.731189473285436,2.10757687329372,7.63310563788179,0.748013377606789,14.3193074256757
0,57.0168010375589,0,-1.61001503943062,0.39,4.58285907053707,0.591676929481869,26.4604629286045
0,66.5276307045797,0,0.00571758970721015,0.39,3.84780472354797,0.0793137678523914,7.44779010671371
0,56.8661402836502,0,0.26198320927891,0.39,2.29069312773288,0.114086170269883,28.3861655313618
1,38.624310097451,1,0.829373914855602,0.39,4.85001856613431,0.248957885824373,1.01747688254919
1,43.9761196741718,2,-0.229208731093201,1.16323749546802,2.80592041981155,0.853569828290334,1.01747688254919
0,46.357054997429,1,0.84697789303156,1.49320772934026,4.2117488708591,0,32.3250900220754
1,53.40667666221,1,1.72473821657009,0.39,2.01555815498864,0.578040815651515,1.01747688254919
1,31.8710731360999,1,0.992262536811712,2.06294087404956,5.64098487650553,0.0977915332877042,1.01747688254919
0,52.0586169536568,2,-0.800169426980211,1.28746457337218,4.97298595039688,0,12.9673674718086
0,68.9664707798908,2,-0.504424435204743,0.39,5.55718087011412,0.098269751891433,9.23429457388407
0,52.3859064595649,0,-0.722122214560044,1.5310115495671,7.42172711965379,0.380767633522283,7.59296692482761
0,43.9623432386036,0,-0.93643147902395,0.39,2.42570329276456,0.151268228737029,20.4834031789379
0,50.7131799308691,2,-0.78154250791175,2.10809672419493,5.5622448868451,0.0991257124639169,7.25697140321391
0,69.8417756164282,0,-0.530356835782898,0.39,1.69,0.571191899191485,9.45907757037068
0,61.7827086755483,0,-0.380118108519233,0.39,2.24675594677827,0.20712424632833,21.4306574526398
0,71.5835712766274,0,0.542942718617057,0.39,4.72170852217343,0.0672864298067822,20.9201104724387
0,55.916935965519,0,-1.47077715776689,0.39,1.90454470660699,0.602764050590958,24.4108661374133
1,55.0063826425751,1,0.916846010692375,0.39,4.06441608005086,0.452754225761776,1.01747688254919
1,39.5494147296702,1,1.67821031088255,1.14920000195283,2.00549975788405,0.240313100780901,1.17853874947539
1,63.6529752056849,2,0.565269945023866,1.07367459261907,2.44709853779838,0.0797442445006854,1.08170788355484
1,47.3305351810094,2,-0.300652460308423,0.911506584361608,3.63051619008193,0.253943641999695,1.16773414293957
0,33.6545743210088,0,-0.534259165300068,0.770929042959553,2.78709560416965,0,23.685714800198
0,55.758426689643,0,-0.738948323457522,0.39,1.69,0,16.4433206817697
0,79.5078449843658,1,1.47923145609874,0.39,3.10178805128023,0,38.1179011856749
0,65.3635885150734,0,0.164386742934906,0.39,3.98231706563946,0.06317796770723,24.1922447233251
0,70.5641003043389,0,-0.652769082237815,0.39,3.18261690228163,0.156005782265674,26.2953767181381
0,54.1859414912021,1,1.24971915185024,0.39,2.40693753781331,0.0813549395617879,46.9091208456681
1,38.7500210930078,1,1.29842982973279,1.72143325586271,5.64596948854133,0.386502503176744,1.24382941321709
0,45.2331540059106,1,1.76775791575423,2.05168684608683,5.78736638331535,0.253221346390453,34.4911048947313
1,44.1001710951345,1,2.11778155528154,0.39,1.69,0.328530453424962,1.01747688254919
0,47.2413389545026,0,-0.330189543073436,1.58203025460729,5.84511708814609,0.128567018074779,8.61148917918959
0,63.9826379885389,0,-0.57774447331811,0.39,1.69,0.213273912103803,22.2499272275308
1,29.3551003360738,1,2.37728150539595,1.67117186165246,3.39515500483109,0.133262483744642,1.01747688254919
0,62.2837147000038,1,1.25042699029429,0.39,1.69,0,24.9090729028751
1,62.2483940404903,1,2.54509087859172,0.39,1.83053297779544,0.10821378866455,1.04744664962861
1,29.3350141744802,1,1.04298221286974,3.5,6.77199782369929,0.429334988590336,1.04004458465421
0,63.0594742839501,0,-0.0969650113412568,0.39,4.18112114850329,0,23.9679051299503
0,87.236479407822,1,-0.316581757244807,0.39,3.44336505953889,0,38.7785204862719
1,46.583468288899,2,-0.649616394867224,0.39,1.69,0,1.1006798737707
0,61.94127143092,1,1.07974140644164,0.859995573133766,3.55122288629786,0.0946203853092711,29.6388394576268
0,42.7664653781565,0,-1.05300694540447,1.06023587697349,5.01673262421928,0.0605575910568172,21.6953762390017
0,69.7855777529651,0,-1.24637073685113,0.39,4.67818178367232,1,8.62242343126931
1,52.4462563129676,1,1.96826354834753,0.39,1.69,0.403852570913515,1.01747688254919
0,77.5106284750521,0,0.11220543215076,0.39,4.54527903252372,0.512969536822027,32.7882465101871
1,25.1809278468577,1,-0.0899917837023452,0.724273440783571,1.69,0.171146373278547,1.01747688254919
0,47.6415813180996,1,1.48845661515242,2.3887049398112,7.04870033360358,0,21.0875768092365
0,46.4102398455575,0,-1.29977351410629,0.39,2.06241516471046,0.708904356719483,10.3057679362253
1,51.8683923105705,2,-1.2580154661703,0.39,5.14431762286839,0,1.08743242318122
1,38.4146036163701,1,1.58100806876652,1.80931327259241,4.48014425902911,0.172043239587682,1.19007034854241
0,42.029340299273,0,-1.00262153346996,0.39,1.69,0.214728271087208,6.79987768448996
0,57.69410654274,1,2.00977936644069,1.42499237049702,5.53730294119737,0,44.4836737021053
1,31.1067809045716,1,1.13499558426252,2.20404048618558,4.14815043474713,0.698302331449226,1.04417229673124
1,72.1390977149365,1,1.59084321968817,0.39,4.46900888946007,0.191004464622919,1.04736738218869
0,37.3483952738324,2,-0.916155039212454,1.59816329040911,4.47257851499794,0.0778986313460473,6.3998138696171
0,55.3742636185699,0,-1.32671860201109,0.39,5.12883534034318,0.596713246438764,9.92747213686074
0,61.5392732405483,0,0.112618920983923,0.39,3.19267808774035,0.291443630034472,11.3781993644017
0,63.3793646080335,2,-0.42246619249741,1.68505097878665,5.46597500884492,0,4.73475781188518
0,49.624398488431,0,-0.691232803344074,0.39,2.83455562765858,0,20.4033378503513
0,55.0662750722153,0,-0.476441963179369,0.784521537096996,4.42164606285832,0,15.7305436903264
0,67.6523936488872,0,0.39906614941234,0.39,3.71160858904478,0,32.0845611030508
1,33.1421381228193,0,-1.01108115256007,0.39,5.73389865661458,0.553458235283774,1.21178023325202
0,42.7730617991739,0,-1.04678066997504,0.39,2.51659438291005,0.245653818342632,25.6210640242434
0,53.5723836649118,1,0.532110437647552,0.956431345048813,3.78692706828247,0,28.8144871906925
0,47.5827374630103,0,-1.62892059944526,0.39,2.4773445418238,0.487939142973049,23.086948620799
0,70.3196980260838,1,1.85052311466429,1.53533708426229,4.6936637860978,0.211848242600531,21.0875768092365
0,59.2024392651615,1,1.27592560980313,0.39,1.95951703870286,0.267754364640003,35.1883750021419
1,54.9615730996696,0,-0.380343254511333,0.39,6.83084392994386,0,1.01747688254919
0,24.4024950771451,1,1.05999804138268,2.89020787748606,5.86626843010857,0.168362219628382,50.3143326589055
0,48.8765359952566,1,0.632375874409913,1.67224667820986,3.54099292745823,0.27524026101143,38.7572176259657
1,43.4113916427028,1,0.345417041867135,1.34313321328941,6.15623451945588,0.45765223460168,1.18262564455127
1,52.4706013085579,0,0.0688001905266077,0.39,3.2539480728457,0.326139149696112,1.04798499402679
0,37.0661080649279,0,-1.51828206361845,1.61280567282986,5.07527260386897,0.0693412169978249,23.7340755415164
0,61.0492350913001,0,-0.217926660123238,0.823140053884877,4.23362881369613,0.118999159049434,12.9294343556384
1,31.8826237925862,1,0.37363763089634,1.91556270366219,4.93465264580721,1,1.08247326135859
0,50.7024245768343,0,-0.327995397803774,0.39,2.2985186191889,0,13.87863689978
0,60.3649367376557,2,-1.05684329417828,0.39,1.69,0.136332393347684,7.368405595445
1,43.2608460007102,2,-0.915970308792472,0.815966290990783,1.69,0.20701855449528,1.20486663994585
0,63.3243948346246,2,0.570030559314005,1.15216175978124,2.28487421458616,0.150654990623242,8.18235426282541
0,27.4540071726527,1,1.71188368829785,2.53499528608902,5.53349082169344,0,21.0875768092365
0,3.62766737045826,1,-0.865117703515847,2.06298930087916,4.50769972002124,0.79152581078357,50.9952499138098
0,60.5683491751261,0,-0.436607411852227,0.39,1.69,0.128887484946646,11.457293930976
0,61.8716333747274,1,0.685824861354946,1.87965937205127,7.48937320820414,0.0854138559622936,49.242150248565
0,49.8513700069365,0,-1.31655034854738,0.39,4.96113975983102,0,9.64347048585387
0,56.5038600936383,1,1.29187968665342,2.31409965040564,7.20644521025598,0,22.069490060364
0,30.0164231705477,1,1.21876056806072,3.33112636565346,6.53682958960371,0,21.0875768092365
1,52.116580572929,0,-0.753543687290039,0.39,2.24388609357471,0.373819338024448,1.19495072903339
0,17.4814573680666,1,2.90679301719987,2.74472564358576,3.59544215177644,1,42.6901539383335
0,70.7914466708599,0,-2.09131111398208,0.39,1.69,0.220192773340367,9.22232199794223
0,80.4795193812692,0,0.0592994548543698,0.39,4.06418934658711,0.365564684342715,10.138317487174
0,69.26174040084,0,-0.726036172714894,0.39,6.19850773933807,0,15.2886726163458
1,48.023739225642,1,1.70110255443662,0.924841728613341,1.71027396490808,0.222125109694786,1.08283726305807
0,53.4557260483855,0,-0.840971760687467,0.39,1.69,0.125855672458035,21.2020014908048
0,32.5052571866293,2,-0.961679173088784,2.02636714733806,5.94866558805364,0,8.64239373858734
0,65.213299474873,0,-1.71627710223736,0.39,1.69,0.122897044292227,21.0289740965374
0,51.670631045642,2,-0.712522800437401,2.63478301096409,7.44160509618532,0,9.63169278703911
0,45.1221706615494,2,1.02980969733606,1.87068943071825,4.86941404787257,0.394212842388426,4.73475781188518
1,33.776468674859,0,0.164835610146156,0.39,1.69,1,1.01747688254919
0,49.6527201437942,0,0.642672482364321,1.33205287246874,4.19454928785645,0.414477904722261,20.5148008043245
1,34.9125697569019,1,1.93785633856017,1.4792925407768,4.14547238537252,0.423018890952084,1.10299742430775
1,48.935361357796,2,0.164874702786971,0.39,1.69,0,1.16921177331088
0,29.0322094822403,1,1.92678234901536,2.70454447362977,4.02824636092427,0.0957958547022802,21.0875768092365
1,75.3870527412145,1,1.53518744282341,0.39,1.69,0.0550371383730187,1.14087096283599
1,54.5297510373657,2,-0.954331968640796,0.39,1.74768676211015,0.541930274948731,1.14472980163423
0,69.2750552671734,0,-0.895966190518165,0.39,3.43502062910689,0.306595743102363,28.4756413946988
1,6.94768643006791,1,-0.366736549112963,2.53735752373062,6.5680194736501,1,1.20031197574176
0,47.4626110705237,0,-0.528730462198593,1.94733895006628,7.05128855280033,0.283054576373231,33.7458322270762
0,44.8470325642512,2,0.00614008596994209,1.03466214188326,1.69,0,5.22043587183307
0,36.4756434332752,0,0.194249990072802,1.61675299373084,5.38518335301876,0,32.1944402449396
0,73.1375880827552,1,1.18685211738721,0.39,1.69,0.125146191576158,36.5240733341808
0,33.7299912868005,0,-0.906202533134014,1.3786219427089,6.33700869348236,0.147410219246524,11.5348416084127
1,53.540279582028,1,4.11397088113487,1.39180859952298,3.98095612560944,0.103841143794854,1.04935765099872
1,61.9657165379112,1,1.77454388871211,1.29620343818745,6.01996109243504,0.169842254878321,1.27195289767732
1,51.3032646033089,1,2.4010182422937,0.39,1.69,0,1.15651917224328
0,34.494616073633,1,0.790375271171841,2.26800418296823,4.98280910220182,0.556465846247812,24.639306306405
0,68.5832398771641,2,-0.601372351285248,0.39,3.67687637380575,0.175798514130697,5.73056097093757
0,51.1819663326191,1,1.51065085010518,1.81477937086574,5.55983946785607,0.086791072937629,21.0875768092365
1,31.4910432004348,1,2.63547742268765,0.813393326932546,3.54751258980945,0.0872363014960096,1.01747688254919
0,26.3125454010805,1,0.814381254577941,2.76406364239331,6.52608207964194,0.45086274294164,27.2887106501056
0,83.71691667728,0,0.0700258470325983,0.39,1.69,0,22.2795785722695
1,44.246642461492,0,-1.98410805657725,0.39,2.89349024063211,0.104551087762365,1.26356747933304
0,27.5205372180432,2,-0.905543481842703,2.38702789495946,4.38136422564398,0.181973732256544,5.56709943216511
0,61.5431282570276,0,-1.4248036317221,0.39,1.69,0.222589523506663,29.1611741592295
0,58.3596498527309,0,0.250988314670758,0.39,2.32602769016267,0.52648851087854,30.5189809923579
0,34.6070833386418,0,-0.639249710608667,1.30212380778356,6.20736514522992,0.317323624432092,5.13383420880533
0,26.1980579868824,0,-0.796645994515105,2.24122607786992,7.54958150878559,1,3.80968958393282
0,53.0571106047131,2,0.310601171632998,2.17911629174399,5.74437199425,0.409869239595206,4.96831373837065
0,70.1950206131032,0,0.253015772823546,0.39,2.0342984003168,0.49273296043707,6.78967923988466
0,64.1045071610209,2,-1.15881597006045,0.39,3.88017719505103,0.187066810624886,10.3620569055344
1,46.8953750639657,0,-0.226588193003192,0.39,3.79918157369064,0.3430884439767,1.01747688254919
1,35.1498799614041,1,-0.0256052821408472,0.39,1.69,0,1.01747688254919
0,57.8006369232529,0,-0.856032275171718,0.39,3.81503860559071,0.258761571420953,4.34804222671193
1,50.9707945466524,1,2.58056535520992,0.39,1.77906689404841,0.162391723094773,1.11909190828314
1,58.5076866463097,1,2.42808981990184,0.39,1.69,0.0561126062877889,1.03604763385548
0,48.9534583932624,2,0.14203160495378,2.25940231218853,5.09672590673579,0.164544919667467,10.9688853581426
1,62.8100658819142,1,0.576732096933867,0.39,1.73676496545254,0.16687315624692,1.22883162314133
0,35.2037582360337,1,-0.623771189797044,1.30618935773115,3.74074059949164,0.0955064012156049,50.9827483614962
1,43.185953751018,1,0.0227128217410266,0.39,1.81608172083695,0.537530426659863,1.05724172273112
1,60.280428791679,1,1.97229160515384,0.39,3.28458432374976,0.274628940179108,1.01747688254919
0,68.0621588592482,0,-0.727112286836159,0.39,3.97191283199698,0.066816164626544,14.7989737222463
0,26.3028844639029,2,-1.9784483095678,2.32690896991641,5.41514190779944,0.57091297354896,9.17989845687182
0,55.461494610886,0,-0.650211666644309,0.39,1.69,0.508988150053472,33.7235308051636
0,58.1736865207594,1,2.39154991620023,1.97942146184473,5.73521190778236,0,37.1432296554028
0,25.3109110360439,1,1.68915294763448,3.19571834609023,7.21904997710208,0.188107760678255,21.0875768092365
1,56.1288865585747,1,0.347395765140588,0.39,4.10805842545864,0,1.01747688254919
1,35.2458379810192,1,-0.316424250333083,1.24798876705438,4.33024092635144,0.406694788443289,1.01747688254919
0,68.4943903094044,0,-1.10052227805462,0.39,3.14387498848222,0.270020162308679,4.25813531456107
0,57.0520366231283,1,1.13133513143362,0.810144393726972,3.8182773879283,0.33527281319678,43.7213089851039
0,64.9087952715673,0,0.0940323213011652,0.39,3.80182202644621,0.121930914797974,25.7392704606339
0,50.3862666953119,1,-0.677367824406406,0.773632703472774,3.84915395001324,0,50.5445622708067
0,66.2590439929926,0,0.188174318719278,0.39,4.31234804929091,0.208315464994298,33.0533227273886
0,70.4874028098767,1,1.10470573070587,0.39,2.2296526017204,0.590016091447891,49.7780023549359
0,81.9973572907448,0,-0.127719571111503,0.39,4.80387792112646,0.136483707477575,23.2244983432741
0,48.0070160580155,1,-0.414751608896261,0.738327272224662,3.56101395907414,0,32.334567391068
1,12.5745034802976,1,0.489020259417873,1.77733625085473,1.69,1,1.24913715912609
0,54.3814741837011,0,-0.836956395592686,0.39,3.20259329154587,0.0567911326760785,35.3597535691848
0,56.8656222004267,0,0.202588495133415,0.39,4.17996869948961,0,5.35345662981362
0,45.9814129209403,1,2.04156071915755,2.48437000134204,6.05895852927289,0.187136829007484,31.1583818857321
0,62.0431297505086,0,-0.221555343810115,0.39,3.26798918646736,0.312874383477359,14.6262847959224
0,64.5863364184259,1,2.56923803163488,0.39,1.69,0.282877199972368,30.7548901752615
0,46.5378870349932,0,-0.883757764686662,0.39,3.64887723138839,0.0871227836850917,30.4278298072873
1,43.7675354301691,1,2.02723664510013,0.39,1.69,0,1.01747688254919
1,60.6059679082368,2,-0.600064661073908,0.39,1.69,0.175694471235966,1.20181349546546
0,46.0776802044156,0,-0.98960608853819,0.39,1.69,0.566443441860718,6.62009581449163
1,55.2342121620437,0,0.118629797686165,0.39,1.73977459420612,0.191460870671869,1.01747688254919
1,25.9304068522239,0,0.437517705899892,2.37952242629731,6.47884526731067,0.320783758824521,1.14272621002776
1,30.5911028278949,1,1.90422380673249,1.24882126192923,2.40304016380617,0.321071797526805,1.09840762140116
0,34.9793284201334,0,-0.879572245600901,0.39,3.1076774893141,0.345906290138188,35.581668745649
0,42.2314965501329,2,-0.881259662474277,1.41215805876612,4.25665241279549,0.279957981142218,4.91420475004765
0,44.0353701200468,0,0.435131911406637,1.17944497665137,5.44229287110071,0.769424672469453,27.9934760733008
1,60.377847127949,2,-0.348088673482095,0.39,1.98917811295084,0,1.01747688254919
0,64.1305574239161,1,1.85963396127091,0.39,1.69,0,43.9654758208534
0,43.5489324266369,0,-0.760646700573464,0.39,2.68672645079615,0.188773812049843,8.38681153572365
1,32.5546447331998,1,2.25487195816035,0.39,1.69,0.630095421833315,1.14466608807603
0,39.0625931997274,0,-1.08812676166213,1.76364395045143,5.71171397341429,0,16.904500246136
1,48.0137106531822,0,-0.0890028812130872,0.39,1.69,0.401852291568802,1.05962046499955
0,44.6461658364483,1,0.35113650957377,0.39,2.6511854098138,0,34.9193212411199
0,60.8345494860979,0,-2.24032203909312,0.39,1.69,0.355335757361238,33.8245214921343
0,50.0468992821154,2,-1.44719802926971,0.39,1.69,0.34636987824309,4.85243315709586
0,24.2475808291582,2,-0.488431716756855,1.88147655619183,4.46942623795405,0.0775351101341377,9.34443292555914
0,47.0011700610973,1,1.908503878149,2.28721984392738,6.65009606568668,0.0857979920019122,24.9427468611007
0,67.4026896989983,1,-0.504566711444542,0.794315750451323,6.32738268708747,0.255402238426067,39.1828514798409
0,72.2602231647778,2,-1.38787158941617,0.39,1.88215575192778,0,8.51443280911807
0,42.6699547314955,0,0.704659425975574,0.39,2.29780356397962,0,9.49015644284409
0,32.039695441238,2,-0.857998945896777,1.15276396828949,3.11667648765556,0.242207509497892,9.40533275482048
0,89.0174024356623,0,-0.172362482603541,0.39,3.75659288980198,0,27.7090236736444
1,45.8684996425227,1,0.617009316113047,0.39,1.69,0,1.24103836895086
0,52.5404754411141,0,-0.732696234725053,0.39,3.94849453500016,0.15659738006755,6.43541480125791
1,55.1707136818453,1,1.17962589207725,0.39,2.54661279184644,0.0582142576349688,1.01747688254919
0,30.8929610191608,0,-0.517040358400319,0.897350553600294,2.60601579005898,0.195903884657427,29.5915804378901
1,36.8407101174537,1,0.923312230966658,0.39,1.69,0.646140799339522,1.01747688254919
1,32.1473778914018,2,-0.881265399174763,1.45008771242694,3.77917644365903,0.058584725249463,1.01747688254919
0,44.0383663945744,0,-2.64808326547204,0.39,1.69,0.302812492502748,32.0655832097911
1,55.6279135057093,0,0.777191193566528,0.39,3.26945920070139,0.230388859520418,1.22583305193257
1,26.6849490013438,1,2.7398167761983,1.47075737220047,2.36005550388491,0.280783574110018,1.01747688254919
0,63.4270432228513,2,-1.29042810243977,0.39,3.36144527577919,0,9.38251946605411
1,53.0768215094219,1,0.945712013918207,1.07345439768174,4.35187503292818,0.556307670426636,1.12182487995775
1,34.032541111664,1,2.35952136748146,1.38801474414124,2.93716537755493,0.058441186256257,1.20448736864236
1,52.071296773934,1,2.0141855842239,0.39,1.69,0,1.01747688254919
1,60.396374379567,1,2.26913175205627,0.39,1.93385904047012,0,1.02498379138471
0,69.0773653051097,0,-1.27134978629782,0.39,1.69,0.217461739957911,7.9190193526766
1,45.0639032701628,1,3.46060181361839,1.50408165612777,1.69,0.236494409966319,1.01747688254919
1,46.9660269510096,1,0.0614049695932306,0.39,2.08732656487359,0.240275819242141,1.01747688254919
0,52.6937351417316,0,0.000566594980067059,0.39,3.03235501223454,0.690213710296567,15.7532458933533
0,71.4598692247059,1,1.22912147147443,0.39,2.42537244480105,0.330157692954891,31.7898304109483
1,69.9905566446074,0,-0.805937180544515,0.39,3.59160426765814,0.28802296086264,1.01747688254919
0,61.7736920713628,1,0.752143955493165,0.39,5.76045492588647,0.442563858540188,48.5591060857857
0,49.8300252682763,0,-1.21537088929999,0.39,4.22105614085145,0.523092280133069,30.4321112736863
0,60.2447705101281,2,0.47494411061399,1.94151908228295,6.24523306975571,0.206697563849011,15.6315693924301
0,60.6859591959948,2,-0.518753093190267,0.39,2.02431941840716,0.118488013277903,7.10657809405716
1,31.8392740070468,1,1.33716171639937,2.77370690049873,6.75267213113328,0.713788300534588,1.01747688254919
0,29.3891190009389,2,-0.440898491158873,1.89095895825303,5.4427801852534,0.0938775820558048,10.006141928854
0,63.0928469110997,0,-0.786054028537897,0.39,1.69,0.152085713179942,31.5392998899634
0,32.1023668601883,0,-1.3147355178635,0.39,4.89386043987934,0,29.9291659457188
1,48.4869487584686,1,1.33213112308216,0.39,1.69,0.112229871608403,1.20209454888945
0,52.4530072668336,1,-0.818163417935802,0.96971944789705,5.41359767009585,0.361771238197557,21.0875768092365
0,61.9800218811629,0,-1.51297488792251,0.39,2.12162604902685,0.280264638945372,23.6810018443409
0,56.6353144514171,0,-1.27458922666089,0.39,2.87970376145069,0.122354933558568,18.5695767812573
0,43.4708506478929,0,-1.27617918390503,0.39,2.38784867003295,0,12.9647905767665
0,69.2468832722517,2,-0.507296795705653,0.39,1.69,0,11.9256864154862
0,78.7484313746965,0,0.588968616392912,0.39,6.01826773249695,0.203469149630558,30.6374432227191
1,66.509269491896,0,-1.58038439982084,0.39,5.0515463370415,0.387063994497065,1.2016069701566
1,26.1881449904957,0,-0.222540765235203,1.63991359185998,5.57368343494943,0.965117364457115,1.24489077753264
0,70.7915482487536,1,1.92373039479208,0.39,3.00654425475358,0.055810284437315,40.8820281975602
1,47.5656623012631,1,0.193249387082053,1.43131470877696,5.09796778458244,0.270088200804548,1.263158831392
0,56.8355512406808,1,1.05133953328359,1.63010750185366,4.63630543528013,0.057688304746385,28.4296497205167
1,58.3851692789609,1,1.85417150991624,2.18749591462,6.4413192579971,0.525237420235799,1.22227277186462
0,53.3451262717401,2,-0.742376673633585,0.956519394401147,5.24942083521802,0.20114777472589,7.02166773156591
0,47.2591937765921,1,0.897549234163562,0.39,3.19394420442067,0.416284619046852,21.0875768092365
0,68.4787470133583,0,-0.310287991994639,0.39,2.52826322275924,0.0986991066535592,32.0447378131387
0,64.0887587170815,0,-0.566487805478421,0.39,2.16385162203444,0,16.1084177247949
0,68.0663073668336,0,-0.911793638600596,0.39,2.26700540290735,0.0986701777599862,7.7338432224786
1,86.481767152291,1,0.972728497049032,0.39,1.95326996655826,0.313209696796809,1.01747688254919
0,63.4152331787506,0,0.787073209496628,0.39,5.51182157545415,0.0840034578987623,13.4486942396191
1,51.7690320875638,1,1.90002672619088,0.39,1.69,0.446769399718998,1.01747688254919
1,22.3772876988736,0,-1.16186548710205,0.39,2.97146433169719,0.166278862101753,1.01747688254919
0,91.4087391820835,1,-0.0406953538757393,0.39,2.05360419995921,0,36.2891838141017
0,47.6778716360952,2,-0.810090137828631,0.39,1.69,0.291005200692847,9.50606022819855
0,89.6314128480696,2,0.284464737638341,0.780518783425346,5.65788024526344,0.192482865233776,15.9214830098655
0,59.2790741851151,0,-0.320771514309658,0.39,2.76656203299522,0.0678336823032129,17.3799984153321
0,73.0070856848766,1,0.45709527855637,0.39,1.69,0.337638729289124,33.2848786233597
1,46.7095597413804,1,1.90787347209554,0.976859433690619,1.79917069525341,0.142344099762827,1.01747688254919
0,61.232121482024,0,-0.617594789021201,0.39,4.93253047212701,0.239341306647011,31.1211950228588
0,51.8739710486667,1,0.0731133727601141,1.77891278662844,7.23887501463777,0.492341111865033,24.6706247614654
0,51.2748232531508,0,-0.203370415787155,0.39,3.22135311141248,0.105516413564662,34.4311263219824
1,52.212997150964,0,0.537173582566469,0.39,3.62618075692105,0,1.1191913141928
1,64.6207432122057,1,1.49769906216357,0.39,1.69,0.199633267878249,1.01747688254919
0,45.2456428000001,1,1.27558733643649,1.32081608031792,6.2848966440009,0,43.7481103959319
0,24.8459545004382,0,-0.981873578815636,2.29361264959081,5.73921016083142,0.671376653911238,11.7977543004722
0,51.8885896604997,2,-0.208367252348726,0.39,1.69,0.200697075381662,6.69618830339245
0,62.6901051896705,2,-1.27065249745624,0.39,1.99965785257308,0,12.3763671469113
0,63.8157298484144,2,-1.64824628280451,0.39,2.80322296717669,0.209344339249603,4.73475781188518
0,62.7322585478727,0,-0.554880657516801,0.39,1.69,0,31.6739842474137
1,29.9206643524275,2,-0.599191921863371,1.48957663004602,3.6998993950974,0.418443315283689,1.01747688254919
1,59.194837065142,0,1.12302678426133,0.39,1.69,0.326112083850719,1.01747688254919
0,67.7465303535837,0,-1.37209103933431,0.39,3.74110363842701,0.123347277707051,25.6123853843507
1,68.8290153146199,1,1.25626422259101,0.39,3.61616849938803,0.15150312908025,1.22615249366316
0,44.8706298641945,1,1.83717170695765,2.15340739579511,5.26236294207462,0.0630178618867621,41.4116087519144
1,43.324005809054,1,2.0620973636946,1.83285443480262,4.51070820304774,0.0996747267223716,1.14419947096506
0,75.168614126235,0,-0.532148947014495,0.39,5.95445561180126,0.102340874235399,26.8404502547737
0,30.2755879853453,2,-1.0585061806349,1.37431102408063,3.48179685308884,0.308682845768557,10.9875967035414
1,41.4900790426187,1,1.03944499889134,0.39,1.69,0.182268549414552,1.13862240656277
1,55.7592922950154,1,2.87661152919274,1.00329483067309,3.3234751961416,0.258815269149179,1.01747688254919
0,22.6470862657198,1,1.5419172432758,2.49909221331245,5.61860841234837,0,24.4853198016641
0,57.9228366462271,0,-1.94903851730342,0.39,2.53780524227972,0.162905769750067,27.4601377507856
0,80.7357796355177,0,0.467028541766053,0.39,5.36099842452965,0.178031352021186,17.1448518780712
0,54.7050859119393,2,-0.22644774677118,1.72763389319468,5.6774426898848,0,12.6267479251206
0,49.9568735363102,0,-0.548066361504738,0.39,4.59820304621332,0.0927707412079815,13.4737185237347
1,56.0377165040095,1,1.08334230813806,0.39,3.47508432810341,0,1.01747688254919
0,49.9480502310936,0,-0.629033928218051,0.39,2.42371858380834,0.300384558498535,25.0405175641368
0,65.5418119846222,0,-0.345935606494037,0.39,2.69369632915721,0,3.80968958393282
1,62.8911442502083,1,0.638141016324003,0.39,4.08609572718064,1,1.17479055234961
0,48.5030318467205,1,1.35346119634123,1.15677849573463,5.48636417324012,0.132155418775003,38.2445574055994
1,29.6849297497052,1,0.246541430008526,1.6614879770315,3.56736113667984,0.68264991532285,1.01747688254919
1,27.4267174259691,1,1.28304990732034,0.39,2.72936996408084,0.0861319109462784,1.25937571177307
0,38.9982915360572,1,2.11361997171668,3.25962209810699,8.75671817878182,0.366912799941912,38.6466491970203
1,61.1829885096942,1,1.56616232404007,0.906408179778878,4.19897819244697,0.0797431041765988,1.01747688254919
1,17.2152048767397,1,2.04666825072648,1.28582922570006,2.65447071299384,0.648554741131302,1.01747688254919
0,18.3621135053235,1,0.100420457532918,2.77321868158214,6.36707788922548,0.277894088497964,21.0875768092365
0,44.5995388101589,0,-0.4865038986152,0.39,3.80484698743555,0.134688405080326,7.00890914565649
1,54.7529993648202,1,1.66513574945867,0.39,5.00438308612031,0.811868079287531,1.02243204272064
1,33.8833373544823,1,0.121364831626191,0.998517815722601,4.14223919122214,0.117609994840673,1.01747688254919
0,62.6089418065967,1,2.53406384745982,1.34653775695678,2.96351108941329,0.395724765938922,28.2941064855874
0,59.6593633725912,2,-1.24747329153596,0.39,3.56134127190822,0.365244630940507,4.73475781188518
0,51.4957974936833,0,-0.410059242427376,0.39,4.29709003899169,0,26.1472640395213
0,66.787034317717,2,-0.478361444223129,0.39,1.91535196514956,0.0563162445487277,4.73475781188518
0,60.466822519483,2,-0.497910731875164,0.39,2.01518529314424,0,9.04233508247137
0,41.3447999881088,1,0.906947647507218,1.14351524192357,3.41381968217772,0,21.0875768092365
1,52.1477252934265,1,1.51186890652916,0.39,3.77769634821022,0.399344014116991,1.01747688254919
0,63.1739697727097,0,-1.24307652589719,0.39,2.51975105731581,0,30.3700976497892
0,59.0170035758554,0,-1.42296097150407,0.39,3.9203774565003,0.408488511430825,35.0040570596294
1,37.9609546791152,1,0.500091352603589,0.39,1.6976968803184,0.472147669025295,1.01747688254919
0,66.1384839983094,0,-0.564614309222479,0.39,1.69,0.235237270450218,20.9770632822549
0,70.3882872572811,0,0.350882892892454,0.39,6.65833733158203,0.298755383202927,11.6841593274188
1,57.8749721453236,0,0.581281781000537,0.39,4.03625379052089,0,1.01747688254919
0,55.9884022274108,0,-0.302098661928336,0.39,2.53837561286565,0.0792547644517308,19.3256723969282
0,47.2534196141872,1,1.44926160580295,0.867368481295415,3.02451125036154,0.171645737624121,21.2372037589679
0,82.9473674906773,1,0.876516331280132,0.39,4.10675538411559,0.136978421190491,22.2577444866323
0,57.8755570237533,0,-0.49119936220707,0.39,2.86273963531697,0.0562236566568089,10.0750752940056
1,51.672016276368,0,-1.50320657854652,0.39,3.89419770260419,0.234291011411945,1.16417187345539
1,8.44405829782502,1,1.3652987773157,2.61816047905362,4.22261504777572,0.204753416202836,1.01747688254919
0,31.5889197687488,0,-0.897790706512223,0.39,3.08546191932451,0.324838068289478,32.9333774329262
1,52.8227838553846,0,-0.291510888886972,0.39,4.63135654693445,0.271334989913127,1.01747688254919
1,51.7516862545271,1,0.78277145120033,0.39,3.75912767101647,0.221864567582298,1.01747688254919
0,52.8778266843616,1,0.493635889260616,2.19036493786296,6.0575450978394,0.3772752776068,26.9874108565619
0,65.6575214092646,0,-0.677329445281005,0.39,1.69,0.435714171202985,16.0234708483525
0,51.9140905612255,2,-0.814577013328256,0.694535287106473,3.32454555159758,0.0906866827113951,8.49854309825715
1,67.8399123580634,1,2.10238997131964,0.39,2.52272913276574,0,1.01747688254919
1,33.7564882239329,1,1.29135038806828,0.39,1.84592666993194,0.104614789130598,1.23156625576283
0,37.0219163611877,2,-0.296454401192186,1.91365993671137,6.01691813772859,0.434050015770697,8.36823563153484
0,36.720289954419,2,-1.38102015249805,1.77086363634566,3.85883260931907,0.491995430503131,5.98514027844875
1,60.3040833853556,1,2.47086344099367,0.39,1.69,0.16490063210729,1.01747688254919
1,47.1370237069355,1,1.24569682618362,0.39,2.41178016095615,0.80519085195817,1.08431701911423
1,65.205200191665,0,-1.12123770165585,0.39,1.69,0.65296024516676,1.07710812617979
0,44.188593538479,1,1.38280708421412,1.71905343242738,5.7572069357059,0.12368294045328,37.2601916392871
0,39.0159269826102,1,1.89706363886845,3.5,8.89944855869117,0.602418710204161,29.5769383365688
0,49.3564212367617,2,-1.4735901439915,0.863665787843379,2.35081933038399,0.469986527991367,8.58218583760792
0,18.8999595141972,1,2.64792159164423,2.85411265990899,4.20262433470472,0.158647267765146,21.0875768092365
1,29.7978478468068,1,0.954942839727887,2.2750424063306,4.687336919588,0,1.01747688254919
0,33.5922359094401,2,0.149907846988173,3.45777172589737,9.52415544685088,0,14.1414688707339
0,68.9806889565484,0,-0.474333792647853,0.39,1.69,0.199853291718998,19.1788835503051
1,38.9291591014674,1,0.79519165319772,1.03043552480826,2.83240608943544,0.440117144051566,1.12556162735394
0,65.2000891770437,0,-1.80304280170388,0.39,1.69,0,27.7471350759498
0,77.0303649007469,2,-1.28983860198889,0.39,2.40543298458332,0,6.62650072753486
0,45.4001489392113,1,1.06183659516033,1.72843793891437,3.10372363284523,0.554234481640958,21.0875768092365
1,57.9835153025585,0,0.0520770077274932,0.39,1.79879384856428,0,1.04208799017709
0,28.9370464522159,0,-1.83561892906639,2.32973438444058,7.87362479864327,0.182172963356247,7.86278258212338
1,42.2459285057463,0,0.433575000306236,0.39,4.22940981894532,0.0918803861217843,1.26244965627896
0,54.7338784298456,0,0.44998153441676,2.00289136002475,8.12715513410389,0.0636927933826546,26.2601476532572
0,59.1560070873325,2,-1.31780207928743,0.39,5.04526512298823,0,10.5533992986134
0,43.0919618020194,0,-0.195631538188165,0.39,1.69,0.115499881850872,27.9590124302249
0,91.2993615872454,1,0.152845344923392,0.39,1.69,0,45.8399127046756
0,47.3884969599235,0,-0.611902568230971,0.39,4.14889803225744,0.156813501087307,13.8037992298907
1,49.4851462638085,1,1.95040380308562,1.23732498965865,2.34163157779223,0,1.01747688254919
0,63.2064928135948,0,0.08028385733175,0.39,3.80917323945411,0.241725992038123,9.97767328954959
0,48.0449339207134,1,0.321823375579273,1.25260086350516,5.07092433127186,0.27332738038304,35.1297675463279
0,45.3156186417746,2,-0.827365862321376,1.9774490079661,4.63587062854176,0.313767522679046,12.3038422746355
0,65.1388517006692,1,0.205495665604843,0.748493413555719,2.82838895401403,0.0769534971394578,45.955719010568
0,74.2375250542691,1,1.41074374616687,0.39,1.69,0,31.8479045561563
0,53.5076309743384,0,-1.61086517944906,0.39,1.69,0.200603456509432,24.8151292679037
0,57.4315521352913,1,-1.30887631970201,0.39,4.07119828592597,0.0980922150879332,33.0743582663848
0,53.3344606349578,2,0.3758771653358,1.92638353914466,5.34960244252363,0,8.42743409756899
0,68.4401812564522,0,1.05922233800547,0.39,2.74508684929586,0.76322821651593,12.8157700418986
0,30.0124203330538,1,0.682874640609852,2.81345804514793,5.63954770983295,0.962244722619849,27.5163171505176
0,87.0590298433705,0,0.00557309098232872,0.39,6.84306554810759,0.110027796742885,25.2746362227775
0,45.9034436000757,2,-0.58163327786209,2.58301658641922,7.63380458702763,0.185370063303218,13.7717344813186
1,33.1081164989601,0,0.502458344517021,1.37183960079742,2.99684721769825,1,1.01747688254919
0,48.9225379156749,0,-0.138612302626555,0.39,4.63129203742495,0.547191711397292,10.0447248672092
1,50.8009464303242,1,1.28627172269153,0.39,2.08009946269035,0,1.01747688254919
0,78.6032948883824,2,-1.74286691550336,0.39,4.21124267777188,0.267662294415758,13.3868624578866
1,62.9992327427276,1,2.09174320425566,0.39,2.96962700939445,0.478850717539159,1.24871671755199
0,50.7331331255852,1,0.778308223341347,0.701520685523258,4.06204883343208,0.22108331981457,48.5297735482537
0,34.3638103395258,2,-1.48643175343785,0.39,2.43051373113334,0.0649295467889406,14.3321562530271
1,34.641693076541,1,0.914851216207387,1.53750803223784,6.39491099072076,1,1.01747688254919
0,45.8547298849929,1,0.98357160261262,1.52002785199992,3.47665530639197,0,48.7803325357705
0,90.3729250846221,0,0.213258626227157,0.39,1.69,0.186752477545183,19.5107085921966
0,18.7785233304957,1,0.0303179729771488,1.71283677266343,4.34218883593567,0.554196511186164,25.2699795347648
1,66.5070519275372,1,0.588879101485074,0.39,3.19403003810623,0.771766610931659,1.01747688254919
0,40.0475995463717,1,2.46289221084724,3.39421395980933,7.03378434856265,0.0622698090862205,21.0875768092365
0,77.7115398160495,0,0.421887831738433,0.39,1.69,0.378242856403817,15.6751309700516
0,37.6707271176273,0,0.285719448394755,3.06901772402028,8.77643181551735,0.181124005814193,23.0687669336613
0,50.7517185718293,1,2.6217382319831,0.39,1.88595414063977,0.205789176075788,30.3175313717708
0,38.620704518947,2,-0.444529289419203,2.31242636600329,4.32844678592849,0,10.8620070116868
0,66.8281127306382,0,-0.930068301316415,0.39,1.69,0.126358609206442,13.2901188134344
0,75.1106860470938,0,-0.137873724026178,0.39,1.69,0.156254877668013,23.7783999133881
0,83.4058914723504,2,0.109432877877648,0.39,4.07699266897185,0.268394985961093,8.27120993252645
1,65.3162895988478,0,1.15687027771786,0.39,4.00470261808389,0.139602047457634,1.04603634624232
0,77.8710120219523,1,-0.700307606269277,0.39,3.5730263870973,0,48.5956537878828
1,68.3478694957239,1,1.35000262091645,0.39,2.02203320322625,0.240190232742555,1.01747688254919
1,52.8284711200153,2,-0.152370313057677,0.39,1.69,0.789480111705994,1.01747688254919
0,60.7406234999371,0,-0.562715523913426,0.39,1.69,0.0558924671466342,15.4059153030449
0,40.0574023909788,0,-1.60999228883755,0.39,3.40302008917605,0.379735333818627,9.96000723212447
1,45.5050211640964,1,1.7789549797727,1.77606141600598,4.8669655158676,0.145847267974177,1.01747688254919
0,71.3592996312831,0,-1.06745646533065,0.39,4.57681023245413,0.149680950447069,21.3878557040842
0,61.6576725715696,0,-0.172250060336036,0.39,2.55138372695854,0.16753083237048,33.9783537251515
0,61.4797902911653,2,0.0114522801354834,0.39,2.97204313123484,0.696282733541597,14.2891880128752
0,31.895793782614,1,2.27586962774376,2.25771321201644,3.68638835636435,0.236152710593456,45.4550557928694
1,38.8145458259892,1,-0.327368382604751,0.39,4.02434942643596,0.334344324097161,1.01747688254919
0,36.2601252082903,1,2.09063127798561,2.88375721282044,6.96286076380417,0.156523775006714,43.4225300094147
0,54.7673759607461,1,0.406276611832035,0.39,1.94730260052355,0.421179580722207,26.7668593726167
0,40.2217175311693,2,-1.41223850387515,1.39753310201628,3.56031257511522,0.244720960111625,6.12211630774977
1,57.4279468204549,1,2.30368412673275,0.39,3.40246681520303,0.297826174925656,1.01747688254919
1,37.9959451978996,0,0.273907414596849,0.39,1.69,0.932254080251237,1.01747688254919
0,80.031600999457,0,-0.6936820132449,0.39,1.69,0.135785378704348,31.6327393784638
1,55.8092225413626,1,1.79548027572749,1.1642509138841,3.71442800994823,0.197613366917974,1.01747688254919
0,37.2749572466706,1,0.311608422661697,1.72741340089082,4.7834252011716,0.58336048728334,21.3132685741302
0,52.3061830684483,1,0.961354359807147,1.68918160294517,5.73254075231489,0.276872033308205,29.4684710879841
1,42.8363844535833,1,1.01385142871435,0.39,2.80294249636691,0.0920895462772658,1.23407272723395
0,54.382074896518,1,0.842535455875216,2.05372832282282,6.30263757733816,0,24.996123861366
1,58.3403406206688,2,-0.100969933371269,0.39,1.69,0.209484200614678,1.01747688254919
1,39.875117810387,2,0.41963665978986,0.39,1.69,0,1.01747688254919
1,35.8339778222441,1,0.682199036185921,0.39,1.69,0,1.01747688254919
0,59.163447833693,2,-0.597937731797026,1.70040836949723,5.57711462414226,0.116518580213088,8.30336224294041
0,77.3270173736446,0,0.615630700065697,0.39,3.26530847339895,0.384210207692643,16.7067660899013
1,65.7660986463826,1,0.79828868865656,0.39,2.79424171316521,0.18478948357675,1.01747688254919
0,45.0165107936742,0,-2.33887761989762,0.39,3.15583300696189,0,11.4015736258399
0,65.7205563497522,0,-0.166591365822021,0.39,6.20755787495385,0.0747307586026787,29.290079657645
0,47.6851334143636,1,0.287660906357763,1.83240355507825,6.02023056943328,0.187945164753928,49.0303567770667
1,53.2678073294664,1,0.184999292010923,0.39,1.69,0.479192229528617,1.01747688254919
0,57.6478318312488,0,0.465187674455124,0.39,1.69,0.0942754488738591,21.5315934389485
1,89.5536413807054,1,3.34218449158638,0.39,4.41029514077511,0.42663181681144,1.25422756899486
0,37.3618703715968,2,-1.25069749532056,2.08755050349288,5.1703954006996,0.0572411338986053,10.6661764732267
1,50.0703488006535,1,2.04417248872699,1.34373470260583,2.45416066625189,0,1.14281814464455
1,28.5243934793128,0,-0.590268936876578,0.896234180387427,4.96078288423787,0.324775332637793,1.01747688254919
0,57.8714329431874,1,1.2296083303729,0.39,1.69,0.410160794493875,31.9763515635534
1,65.9574329451453,1,2.2193309980025,0.39,1.69,0.129090873871991,1.01747688254919
0,75.9904375025901,2,-0.438278903740008,0.39,3.72783244212409,0,8.34871165291336
1,17.7427049093251,1,0.319816548038613,1.32365394613139,4.36910291275078,1,1.04286664157285
0,59.8232770204171,0,-0.852405217029584,0.39,1.69,0.0867966520297132,13.9296454874212
0,73.883697568849,1,1.72823752082758,1.12788480269919,4.80489183345537,0,23.3046793647388
0,48.0218876038916,0,-2.15210214112447,0.39,5.97154613593227,0.937954911745588,20.1647171296974
1,50.9032779803225,0,0.238365500683491,0.39,1.69,0.461794269752752,1.01747688254919
1,53.4099516059821,0,-1.61649088357749,0.39,3.0914278289176,0,1.01747688254919
0,54.2842780078308,1,1.11979606114244,1.21908202552381,4.84790769623987,0.22717644486839,21.0875768092365
0,64.530821788085,2,-0.70015011920806,1.07382142077693,4.9395310365631,0.26016783592456,13.3317055784112
0,72.7418219874031,0,0.376187735559029,0.39,1.74520260168582,0,5.9608710978352
1,46.9364958708166,1,1.27270082475233,0.772213925270275,1.84391741174921,0.494059170292029,1.19073385506948
0,51.591872209492,1,1.19308711940165,1.3165937316671,4.15467116262995,0.0992023231302511,24.3679222100857
0,88.1582699144482,1,1.73923057749234,0.39,1.69,0.0625080920251802,40.0912377973488
0,61.0942549912589,2,-1.11279355555441,0.39,1.69,0.0822394800195364,12.431922199688
0,57.5360467441497,2,-0.703740749004561,1.45140770940803,4.96924248175057,0.381514177981258,12.2032006740605
1,34.7725342461932,0,0.2957307540553,0.39,1.69,0.532671464417772,1.01747688254919
1,48.5056547756264,1,1.72579934189323,0.39,1.69,0.456380659754958,1.01747688254919
0,51.5151159061484,2,-1.40347382596898,0.39,3.14911534862557,0.111008549499314,6.34541696011081
1,48.2838381416876,1,1.68410345301463,0.39,2.93997371535436,0,1.23055912318992
0,45.7180668917614,0,-1.48442651130745,0.39,1.69,0,24.7320550838196
0,37.5013385756043,1,0.551626105417059,2.23945959991744,4.93165248229703,1,44.8778167784841
1,43.6432809424762,0,0.318955500545741,0.39,1.69,0.390296991973989,1.01747688254919
0,45.0374765617259,1,-0.962354271384647,0.39,3.43125199919717,0.954301749177809,44.2004725335013
0,70.2898390620759,1,-0.529952271341876,0.39,2.57935850498949,0.111045490279507,37.2328338831305
1,65.1991802714126,1,2.29182317206446,0.39,4.40560914663742,0.861621045254991,1.01747688254919
0,48.7932557339382,0,-1.09233310805222,0.39,3.44793273287672,0,30.1681163442237
0,29.8670013404628,0,0.341797532098035,1.3540366805982,3.82162208740567,0.101253579924055,11.3918326155206
0,34.9840154867477,1,0.945581313743916,3.4887377705799,7.28213797085225,0.397217318032801,44.2010045220439
0,48.0437015227877,2,-0.299510876998795,1.2875741469453,4.43445915343695,0.0605462115745333,11.7333877597628
0,55.4107882357129,0,0.0419237272426093,0.39,4.58308032905911,0.116447836121434,7.4544001195157
0,44.4735373216023,0,-0.978368364599452,1.32387239393631,4.6547258685973,0.20599565545806,5.67683745453838
0,80.4784325207474,1,0.820686967871146,0.767398323878848,3.75608879895322,0.183787986780553,44.3102702563132
0,44.1158169867593,1,0.7194581850881,2.17135198429464,6.37922009706968,0.0802663047460538,29.5537094490133
1,36.6038467761553,0,1.43725277571396,1.1534295386562,3.7301861637536,0.0657511741952005,1.01747688254919
0,51.915131935295,0,-0.436792275735338,0.39,3.94570562581543,0.192321982531779,17.6418566457691
0,32.4184039020002,1,1.53281304418693,2.93294397384283,7.96540362680105,0.164418802003418,25.0900696638928
1,50.951685152137,1,0.787560353787822,0.39,2.43987040442542,0.44394964152783,1.01747688254919
1,52.1879130342189,1,0.878214900943187,1.21312085757788,6.04125197200818,0.759147657694778,1.01747688254919
1,54.1337959095698,1,2.36270862438681,0.39,2.12732138559279,0.139172293268462,1.01747688254919
0,30.9520011194381,2,-0.79641526056057,3.34161470870868,7.64357592747974,0.258423046865208,12.3417908315057
1,58.0052682312255,2,-0.56371921568775,0.39,2.06989596216944,0,1.01747688254919
1,58.3627875888658,0,-0.262052587951922,0.39,1.69,0,1.01747688254919
0,25.7850537121001,1,0.704227480561167,2.87371726894313,6.3310845383136,0.0944117747097323,41.270956423604
0,63.7037798170422,1,2.89429869191611,2.00024316650399,4.96297772303791,0.170311205853244,24.5889462140571
0,66.2781840315669,2,-1.50261556141886,1.28985080491129,4.29518077642991,0.312558725909809,13.6708427245045
0,86.7558414876326,0,0.876564912009611,0.39,2.9086392175712,0.112438668558926,25.1028756882448
0,56.1682285105686,0,-0.7696269336508,0.39,3.82945782871277,0.172143130768589,32.1733033773291
0,49.2057584086851,1,2.34288995338204,3.41478204367112,7.59963306169718,0.435498254485061,40.7073673641205
0,55.3101267942728,0,-1.9174788190537,0.39,1.69,0.0584727844892948,16.9125196214945
1,49.5732653702384,1,1.97551983922087,0.39,1.69,0.0686733639058194,1.01747688254919
1,18.9660814450874,1,1.90255738091208,1.05915776306262,1.85663501559871,0.832884443289966,1.01747688254919
0,30.0781025870546,0,-1.41031803638366,2.103229571025,6.0755806245964,0.057807465217266,32.5891558687025
0,47.222881886109,1,0.395886342630736,1.7920148193431,3.13619421904377,0.15467907710476,45.9533577406114
1,46.2332661569962,2,-0.451338759925118,0.39,3.49103865389353,0,1.2368885045835
0,49.3334532459005,1,2.14751184160737,2.50771497071913,7.06070956563696,0.360940519945201,43.9072733868395
1,23.7671872011619,2,-1.07324698725607,0.828653594826225,3.29186135788631,0,1.01747688254919
0,32.5393211352531,0,-0.680823068846141,2.35851097008953,8.09664249118282,0.081411976764501,24.5356572571604
1,38.2090958388444,0,0.570060096147135,0.39,1.69,0.507466920844656,1.01747688254919
0,68.0062998505677,0,-1.31008582419905,0.39,5.64788566354791,0.202369810108521,16.1115285210538
0,38.2518235607375,0,0.135638680940803,2.2827534781302,4.4932617510899,0.483273140181723,20.9018476307911
1,42.5193553814766,0,-0.21202624323097,0.39,2.95569934830169,0.201672042381519,1.01747688254919
1,49.7345407884865,1,0.0867294506969336,0.39,3.21882079154338,0.496317325852418,1.01747688254919
0,43.310383070683,1,0.4879086726042,2.8379802943972,6.41912149653318,0,35.567619787644
0,56.0214106786836,0,0.0210221477114009,0.89184422056859,6.72612853848481,0,9.25560988827485
1,85.2393674356909,1,1.32776444546146,0.39,1.69,0.240082927686201,1.15983236895116
0,38.2528713565521,2,0.346896125899594,3.5,10.8007272309816,0.0554951083990851,10.087811242352
0,43.5860483050807,1,0.548444533283895,3.5,8.88636607827177,0,50.2217452723735
0,46.5553436433557,0,-1.71913911449716,0.39,2.62146158596798,0.0844809721889593,9.65801312788123
0,76.9702380744146,2,0.102370589737752,0.39,2.67803422376418,0.25118815146035,11.1273864945015
0,36.1822779385728,1,0.542180926921603,0.885568490321732,2.62574971369261,0.0883911450303595,40.3230323104455
1,47.1503155670463,1,1.20994363714903,0.39,3.41109061032227,0,1.01747688254919
0,65.166884856611,0,0.67295724042491,0.39,4.49779404117634,0.309018219238579,19.9465797556894
0,38.8213416232274,0,-0.699137621317244,1.08164597925504,4.07005088601699,0.381052169845933,5.79649664174663
0,79.0665909633985,2,0.427562009442929,0.39,3.114913787129,0,9.41517613529377
0,64.6864920797805,2,-1.28787306584546,0.39,6.18853536563319,0.710604713550179,8.36608015765334
1,31.3201764597448,1,1.9475168822513,1.30235036022208,1.69,0.311189699088134,1.01747688254919
1,60.42004154103,0,-0.35273546187024,0.39,2.21862207744027,0,1.23868814613368
0,50.8867687153375,0,-1.03797669885285,0.39,3.80375054901977,0.266453536337806,21.5169891295221
0,53.4579235123768,1,-0.0728406069631835,0.39,1.89297464427186,0,29.9539687390255
0,53.4436577633416,2,-0.527094402622212,0.877274760018451,5.65970652377872,0.280974618798908,15.4565637867586
1,65.541105285891,1,1.33344881169818,0.39,2.14941760471129,0.374747492154693,1.01747688254919
1,26.9020936726176,1,1.35386019417255,2.1960778034178,3.34042247450904,0.0946716481498877,1.25442369039947
0,46.4717383191486,0,-0.150656569955588,0.878351490227954,5.98989771428347,0.36890621286261,15.8474945945776
0,50.3745734287418,0,-0.845491773979935,1.07666582627864,5.19117061421995,0.130364628280522,26.9391926381736
0,32.5712429534136,1,0.631053763129044,1.5150944387939,3.75700560514427,0.114869846230771,50.8028660430724
0,31.8666901995129,1,1.31675215181224,1.77983541925883,3.3958149423692,0,50.292341993135
1,48.1731935426169,1,0.603585718168867,0.39,1.69,0,1.01747688254919
1,46.3511139894627,1,2.21657456635054,0.39,2.18623442855885,0.0659323564070373,1.01747688254919
0,7.78308656807376,1,1.25922263990826,3.5,9.97311896162121,0.34166106346833,30.9054176514042
0,65.0633451722215,1,0.536092247455937,0.978637432678235,3.01182592766702,0.172888542305746,29.8066172644922
0,57.496018930832,0,-1.78351668964137,0.39,5.17344388054733,0,6.43705353432648
0,88.4199983498744,0,-0.973121777442316,0.39,2.017271924072,0.310894315473677,3.80968958393282
0,64.8250322117271,2,0.74934103998029,0.39,4.36492398437187,0.207307602476504,10.8020512915664
0,41.3284566754109,1,0.586022143517493,1.59387640456242,3.69125179602103,0.0720375154106158,29.6745645119129
0,93.8609487710381,0,-1.10710742216476,0.39,4.95629974511836,0.0903243866259551,19.106927967129
0,93.6507315752823,1,1.69783601957816,0.39,1.69,0.528996538017526,49.1506914336716
0,36.8711418121705,2,-0.2907496476094,0.39,1.69,0.142928859437145,10.5485854786742
1,55.9438998125738,1,1.78823284231126,0.936013014572399,5.10725305818573,0.369144661816771,1.01747688254919
0,50.9161760004326,0,-0.718339042481065,0.39,3.02578022869763,0,21.7413739117215
0,51.4446489535069,1,2.12810888086124,2.42942461802395,6.35835133722085,0.290432671839803,45.5044142803214
0,57.1793825684326,0,-1.34161901892886,0.39,3.58703981666279,0,31.7138726766975
1,35.9193313370872,0,-0.558729157720774,1.38638802059535,6.85225091386243,1,1.01747688254919
1,53.0169159931166,1,0.454681405927848,0.918391656693097,4.15175918298424,0.32065731010313,1.01747688254919
0,80.4477831682162,2,-0.135541909604193,0.39,2.01393722201814,0,13.651980371391
0,45.8418842574123,1,1.21879835072031,2.52750635732579,5.08718875388848,0.394052992010483,46.3812590222807
1,45.8604456233575,1,2.11624962875884,0.39,2.68105978690598,0.172576065177968,1.25709720951542
0,70.7755256919966,1,2.9853872748698,1.81822386311006,6.18683720075318,0.204292398363278,23.6120057149354
0,62.7947831440099,1,1.22855311203082,0.39,3.42018241480549,1,37.3799597309329
1,30.4011512203923,0,-0.897137959227176,0.39,1.69,0,1.01747688254919
0,57.1938597195359,0,-1.09841096784967,0.39,2.38378048691585,0.399453465913159,8.51196787355735
0,79.0426795519987,2,-0.747253866758048,0.39,1.69,0,4.81508100694486
0,71.0420581286172,1,1.03594773345039,0.39,1.69,0,27.1814687757706
0,60.9305859770419,2,0.714200747310252,0.39,3.38193169297155,0.410948629792527,6.33471237578554
0,59.9677938769466,1,0.0653901508364327,0.39,4.55407185105342,0.144645303092924,21.0875768092365
1,37.190873725419,2,-1.28533091327037,0.39,2.53283324743762,0.0568635604749788,1.01747688254919
0,58.2155029322171,0,-0.808902541048054,0.39,1.69,0,33.8788977184345
1,40.3078405915746,0,-0.11533212708279,0.39,2.59131657287934,0.630033999815817,1.01747688254919
1,48.0399203036411,2,-0.0445730440828853,0.39,1.69,0.383714519327985,1.01747688254919
0,63.3884604962797,1,0.267996436893931,0.39,4.55362991793599,0.14500944576385,39.6082132725531
1,37.7036643721535,0,-0.436171153067118,0.39,5.0353429251747,0.204837238366588,1.13930164044032
1,52.7189985749633,1,1.06041427102062,0.39,1.69,1,1.01747688254919
1,61.0536305396413,2,0.197893512187491,0.39,2.03233762018185,0.131766435751951,1.17148338536303
0,54.7152813554515,0,0.234149047969313,0.767826988145341,5.4436077075969,0.199136222789859,26.1252175226936
0,77.5347031164828,1,0.81364278519354,0.39,2.36529472444163,0.60756035572825,46.8629596345008
0,39.3386708170972,0,-0.492634062450721,1.38297394846961,3.85857702291488,0,30.5350438341581
0,58.1314233891525,1,1.69763001060994,0.896967290712902,4.08263254585703,0.288833229865047,34.2128058071045
0,53.4589953893505,2,-1.6484689923654,1.08025818789824,4.83583729137564,0.19286059777216,13.0382785514487
0,44.2982770665601,1,0.815483788957858,2.53411968702452,6.11091861386206,0.148845157579614,39.6149504504008
1,60.555834500226,0,-0.12417070571681,0.39,4.73342253044914,0.855975827108347,1.01747688254919
1,39.7828183658808,2,-0.915899318861303,0.39,1.69,0.117619238143078,1.01747688254919
0,27.5028239383875,1,1.04481838661485,2.04659668449038,3.46826869575342,0,21.0875768092365
0,47.504560285442,2,-0.590386279242613,0.39,4.32307563420001,0,11.0005072557662
0,78.9357522428615,0,-1.02883732859093,0.39,2.45492117362153,0,11.8287247288831
0,49.3498598684076,1,0.188717127846407,0.39,1.69,0.457937302296863,39.6039267702072
1,53.7484102289907,1,0.916618662374178,0.39,1.89465349664654,0.0696592099423525,1.01747688254919
1,45.4309146036978,1,0.78181282424747,0.39,5.69490235156534,0,1.12772823698533
0,60.6472083628724,0,0.0564260924215598,0.39,3.49442102954734,0,16.8253432980151
0,40.7918054397395,2,0.414811030719564,1.27958038611569,1.69,0.21899985887585,15.3325217461029
0,70.4592887021956,0,-0.532983505026718,0.39,3.33939309159427,0.167881464810483,12.2571387106685
0,62.2774579867672,0,-0.246927626564983,0.39,2.82413841904389,0.390978101916733,17.087462891254
1,42.4203111791034,0,-0.573734788824541,0.39,5.09404780298211,0.0845760677927632,1.18728826212376
0,54.7101609915133,0,-0.105717577531982,1.10609769257033,7.57604107685782,0.476733362395598,20.7080811794776
0,64.1562695838139,0,-0.372454324349325,0.39,1.69,0.23595313932204,20.4670428187175
1,57.3591704837316,1,1.31643851855502,0.39,2.27644030076425,0.228495424659108,1.25988414461674
1,72.1056395881513,1,2.11918742963066,0.39,2.53453743448543,0,1.02167599938294
1,45.7645997704445,2,-1.21675986019034,0.39,1.69,1,1.01747688254919
0,69.8630160687985,0,0.484031114489418,0.39,2.82230828143615,0.126225483758619,31.8569510710545
1,64.999115658114,1,1.41950916148256,0.39,1.86690808797242,0.583990670107364,1.01747688254919
0,51.6122217509916,0,-0.39870093906496,1.79932080812865,7.93878692219213,0.0855853317084275,25.6367954332131
1,40.00127084104,0,-0.914990709517279,0.39,1.69,1,1.01747688254919
0,31.081818306459,1,0.949586824004651,2.81976482104813,7.06600431426101,0.100398045391446,23.9288761942663
0,61.4860982189083,2,-0.334569462590099,0.39,5.3048491673186,0.0712664795595104,14.1668107303205
0,52.9162269771222,0,-1.96244081939473,0.39,4.96119408270272,0.372603750544254,20.2612928958485
0,80.88612944715,2,-0.966642249422134,0.39,3.02570579201199,0.109114606603902,8.53701447559345
0,61.5699430321592,0,-0.116424429074508,0.39,1.7359580957898,1,11.3600424521056
0,49.3036777989678,2,-0.767636520102038,0.731279165541853,5.88285792839828,0,4.73475781188518
0,39.2930670897383,0,-1.08239469771386,0.39,2.09300964514521,0,15.3575586946654
0,45.6183780232381,0,-0.967557632349842,1.15732064018515,5.0596746003206,0.307073916471816,32.5158238269375
0,59.7991162697955,2,-0.423971476604071,1.10141025905468,4.14826374159957,0.494812317073918,15.2165146983978
0,47.4949153473759,0,-1.66364427171278,1.16873525069782,5.79417470331757,0.273170268172724,12.477749785364
1,61.2715081823195,0,0.0822969999545458,0.39,1.96547001155525,0.244078161713928,1.01747688254919
1,43.1254274956848,1,-0.88713729194438,0.39,2.63974741085318,0,1.01747688254919
0,52.4247338672604,0,-0.875347580504004,0.39,4.06642501482677,0.306520571873671,11.094622577995
0,43.5043103987328,0,-1.07309735954872,0.764099673113241,4.34916489344864,0.177255532194893,18.282370590732
0,82.7352391843272,2,-1.38604106733924,0.39,5.44138117516826,0.624624613755052,9.64425001996846
0,59.6483774638086,2,-1.2754077915597,0.39,4.35236384452027,0,14.118337603857
0,58.1509517264104,2,-0.414684684981865,1.39685532374411,3.68173891430226,0.114193893329433,12.8630621828549
0,21.4649369533946,1,0.98998770516528,3.2602794671688,6.06169207102244,0.17082014796527,45.4417299705812
0,64.4520072359342,2,-0.771765735200369,0.39,2.13009478080446,0.356970845198285,6.16524706413387
0,32.1272728703116,1,-1.02621970209736,1.81710606511683,6.32317439453274,0,30.7173173387858
1,34.2350762474268,1,-0.113432220070929,0.39,1.99240179365686,0.419358003348502,1.04237509060329
0,67.0397185392883,0,-0.616157330683799,0.820439838354815,3.68974947979445,0.22945762937939,20.9594003169366
0,48.1179925949031,2,-1.14586216455597,0.39,1.69,0.309993260128596,14.5165485196503
0,28.9755178272258,0,-1.07977611831074,1.5825897588904,4.666824026329,0.465729169562859,5.08180271878461
0,79.1947787732843,0,0.206524335684409,0.39,1.69,0,25.5909574788291
1,10.5264736786014,1,1.26055317207362,2.58224047364314,4.23081377282835,0.252919421611363,1.01747688254919
0,63.1749302460439,2,-1.2533303015086,0.39,1.69,0.194311955841072,14.5205402109
0,64.6911870208874,1,0.670359188009498,0.39,1.8132103620555,0.298093317264588,36.3094187311327
1,38.3924389263367,1,0.838721566022719,1.11164573344835,2.32234414970042,0.246719630519405,1.01747688254919
0,61.2878877484195,2,-1.01769851657991,0.914277728047997,4.43162061418655,0,15.529928471332
0,60.1995477640891,0,-1.19632122809034,0.39,2.07762215602953,0.093079345734576,18.5227748796516
1,65.0641381345099,1,1.05225129154969,0.39,1.69,0.347951649129455,1.11047144056172
0,61.8724267552275,2,-0.0963707263320193,1.116381002254,5.71071340202597,0.117761960460945,5.51003317713082
0,44.5527487940541,1,1.30751302788378,2.16833179023155,7.00945783440717,0.532481764799483,21.0875768092365
0,63.0755398241499,1,0.916362373171503,1.49508992733499,5.31804007876914,0,42.2559909998452
0,65.3594207999702,0,-0.254487901231243,0.39,1.69,0,9.5909084981768
1,33.516304560265,1,1.82697178746818,2.31938866891003,6.53473815688383,0.607256190378985,1.09129333067686
1,26.1092932859933,1,0.970988982151682,1.24037037783984,1.78080650065472,1,1.25395297401725
1,51.0174526043125,1,1.5172446405005,0.39,3.32488459228699,0.198690009461014,1.09498515098359
0,50.020986564365,0,-1.32278341413838,0.39,5.02119814626006,0.612776446893715,12.2338803158687
0,32.7349440559927,1,0.871014739275991,1.56209148548033,3.61533692796913,0.245169433876509,44.9399544677663
1,55.9970062270955,2,-0.849183513757523,0.39,3.17327154650181,0.120998593829885,1.17456103260246
1,27.3983829966921,1,1.27894384954499,1.71871081931373,4.43765560857854,0,1.08135329613023
1,51.0325917203901,1,1.42702724247669,0.39,4.32765720290227,0.187747275648796,1.20861745981374
1,45.0113591715413,0,-0.610800409160276,0.39,4.49679259936669,0.186359523457995,1.11854111951319
1,63.7324786056789,1,0.397818883870264,0.39,1.69,0.458277481675473,1.01747688254919
0,87.1449323902299,1,0.248045401361417,0.39,2.08443374411886,0.403191906803131,40.2770751674552
0,41.3159700411273,2,-0.396249405841225,1.13702909711576,4.47004792140978,0.197748500163457,13.5650996373306
0,69.0283906370624,0,0.420613648869993,0.39,4.09380375821202,0.221083632007153,9.0222422393342
0,65.7095202012255,0,-1.0730646960315,0.39,2.43691641347923,0,11.5357028779332
0,53.7340891006202,2,-0.826174717880282,0.39,2.13572103482826,0.325246393767608,12.0429406752718
0,47.4562086311449,0,-0.294296392944198,0.39,1.69,0,4.95562188313545
1,77.8939387377085,2,-0.93624340226678,0.39,1.69,0.368705310438292,1.24163243890175
1,16.461247550109,1,1.21107201136881,1.97880728021254,4.27466984175613,0.328948157979135,1.01747688254919
0,45.3210892215881,2,-0.607619464696377,0.39,2.51426000419383,0.116884196953925,9.01807659116091
0,33.6684550097099,2,-1.0798919282409,1.97103192327104,5.34254740307949,0.286409802947026,5.02960651741413
0,73.8479371476228,0,0.0545772135846281,0.39,3.51738125882345,0.0578391391993191,7.79842328747718
1,45.417243689351,1,1.87496294148999,0.39,1.69,0.558778866243389,1.07725185447869
1,40.0884953785105,1,2.03786489506654,0.994949585333387,4.41049423243868,0.129014067950531,1.26053965667445
0,99.2643031776793,1,2.26124914813298,0.39,3.07503025518019,0.086784212414465,49.1811401089584
0,47.6616955865178,1,0.635855614988906,0.39,3.08206092797588,0.0836082347978088,49.6244295911242
0,48.2494193011876,2,-0.877820789261629,0.39,3.65463872860211,0.103655586644943,8.80726350745384
0,53.2446968132682,1,1.33899385496823,0.39,2.54462272749576,0.0733153729641656,40.24851247631
1,23.4344951033114,1,1.67688923430863,3.11347780767132,3.70311609195509,0.400361379263316,1.25698992680494
0,60.9299715586621,0,-0.761290559846244,0.39,1.69,0.321074877604221,14.6556837502871
0,53.3528032678726,2,-0.851158100723717,0.90163859305292,4.40387742527257,0.356278791847353,10.5847568213821
0,60.6191230505951,0,-0.955419247276368,0.39,1.69,0.239389904123592,7.06010006124043
1,39.9092911256907,0,0.507953877232812,0.954961663436289,2.60147380048573,1,1.01747688254919
0,32.1374805899029,1,-1.19788904483972,0.39,2.31651500581952,0.624961349979649,29.5913034709452
1,37.3960455763234,1,0.94619704947453,1.03611712469072,2.15843532201798,0,1.20891337522313
1,43.4888074725063,2,-0.552003022530438,1.15535981666347,3.10030461713888,1,1.14606115628823
0,72.4738892055646,0,-1.26289387313873,0.39,1.90579404657309,0.156483602193732,29.9862366050724
1,77.9502875011246,2,-0.326959564793038,0.39,1.69,0.150886356015716,1.21969940806976
0,51.692029258771,0,-1.89512231411308,0.39,3.01817622123614,0,4.8361667445911
1,48.8080799197633,0,0.140637328888602,0.39,1.69,0,1.01747688254919
0,49.2348348833769,0,-1.68351950595334,0.39,3.81237246877948,0.127121523488434,11.5944505684161
0,55.7812606871041,2,-2.00445614517316,0.39,4.79043274310751,0,5.75056829283111
1,50.0062759806904,1,0.400246768903701,0.39,1.69,0.0780426802822055,1.01747688254919
0,53.0878367912686,1,1.24817926701508,0.39,1.69,0.0583684025962136,46.652512477657
0,43.2735130960236,0,-0.978615894390177,1.75034089197303,8.20493346311582,0.0853636132818067,33.9376138724662
1,41.8430268000714,0,-0.914325473584827,0.39,4.26029669656669,0.29884962529537,1.01747688254919
0,67.5605069255569,1,1.40493722054638,0.39,3.08337315722104,0.138711344959783,21.0875768092365
1,39.7062538315096,1,0.129704463331036,0.39,3.46660929536743,0.0550695140119641,1.01747688254919
1,58.2570986897766,0,-0.584487621922593,0.39,4.26096206642509,0.0556712502720702,1.01747688254919
0,53.118290095218,0,-0.177773749592101,0.39,3.48804436931361,0.0777498032785588,18.1058693093669
1,40.7012175014769,2,0.482287473200665,1.28357690972862,2.7878480713142,0,1.1446117947289
0,62.3681916836239,0,-0.190649305131933,0.39,2.27162808765248,0,10.7997637952446
1,56.4023461601356,0,0.669976239759078,0.39,2.59216115293847,0.0745188368741015,1.01747688254919
0,73.911739963756,0,-0.208966501149908,0.39,2.15166766958848,0.251029595243503,33.939994186968
0,56.4892896396336,2,-0.578871117597724,0.39,1.94507840832096,0,9.33933825903664
0,49.8968321264201,2,-2.03932618759662,1.6063734046557,5.8528711305931,0,10.0486320058682
1,52.9005231912325,1,-0.0221371175592571,0.39,3.66151410028437,0.501766026380466,1.18169202038739
1,37.0085499798887,0,-0.746894539484714,0.39,2.37348562320624,0,1.01747688254919
0,35.1226620799573,1,1.75217856148167,2.23873533604261,5.11873046503885,0,42.4078770136449
0,62.2567208037786,2,-0.785805108003892,0.39,3.98418753756306,0.0878130891681971,6.70208607007067
1,49.1765681197397,0,-0.14592425257907,0.39,3.25538076414516,0.30172674185423,1.01747688254919
0,47.4076193457818,1,0.125206284241177,0.39,4.43452690233704,0.395265229037056,21.0875768092365
0,52.2868230174154,0,-0.715660023622558,0.39,1.69,0.886960148519066,25.0989346498963
1,38.0805852830841,1,1.29849366743721,0.84016422654198,3.46796218968585,0.144331466215892,1.06604292537608
1,16.2501378927899,1,0.77049242612939,1.56178181913933,2.54336675751668,0.0876571878902228,1.01747688254919
0,59.8864260506005,2,-0.503639407285971,0.39,1.69,0,12.0172752814395
0,60.6127096550304,1,0.48527029226329,0.39,2.55941059829518,0.398365875946821,21.9130793862739
0,35.5365676976057,0,-0.263875777391588,1.0178914036222,4.28050760266446,0.187420198528246,19.7134998322309
0,72.1131181484759,1,1.02545620948654,0.39,1.69,0.12766781369876,40.1427667964325
1,54.6055666819795,1,1.05660684688622,0.39,3.02945246909625,0.142697262779286,1.01747688254919
0,73.0818160919619,0,-1.88237252060853,0.39,1.69,0.114479806500547,26.8549943250961
1,33.1875905821891,1,0.482594929920502,0.954028975908237,3.15159398146805,0.14553089214516,1.01747688254919
0,51.1212256073861,1,-0.264876001624627,1.84103416832147,5.87829282129559,0.065983177608366,33.0915385683063
0,52.5038957841,0,-1.6433606901013,0.39,1.69,0.36443129140811,14.0812349021285
1,64.9010179909159,0,-0.868759411897222,0.39,1.69,0.315650477690327,1.05428126478534
1,45.7117589082858,0,-0.636703513279315,0.39,3.21439245626842,0.293516812876542,1.01747688254919
1,48.2989668309814,1,1.35949699841735,1.55401821818203,4.62599258110012,0.0691576116775752,1.2031240316258
0,28.5432083677129,0,0.235591478938745,2.63654348362049,6.60649842085165,0.409411365836539,19.4908691255237
0,42.8318452447144,0,-0.215069298270351,1.99584513871028,9.03112887179702,0.333262389122459,29.68891748531
0,55.7161892712012,0,0.180419203754149,0.39,4.9230840298633,0.237484248876125,26.3560275965984
0,43.8495682493644,0,-0.891351020644988,0.39,5.06307404645219,0,32.3375359611729
0,54.1250030621688,2,-0.776294656202256,2.2460149547578,7.58314992851491,0.0553464041728425,4.95464737821654
0,47.8944488760486,2,0.126573493734101,1.50536236952465,3.07625498623025,0.376005725822264,8.12182228962981
0,63.6758718629939,2,-0.575987979051427,0.39,2.8060645522509,0.0829303738589238,4.98072393762471
0,70.6102749687255,0,-1.69528246522103,0.39,3.45604334877198,0.343357369182567,15.781061141996
0,42.191236414779,0,-1.11446180171391,0.39,1.69,0.282283952403883,5.86563451784971
1,43.561046744676,1,2.02270667593164,0.39,1.69,0.119539291348965,1.18596012923973
0,74.4823775368238,0,-0.950170217245747,0.39,6.41711423066165,0.201472100073624,18.696920127531
1,13.374337023346,1,1.40515629997029,1.95308323214506,3.45257215228005,0.771607550297723,1.09047076859985
0,43.3567918545948,1,1.11273484381474,1.16653813516018,2.79902513702347,0.089103355903463,21.0875768092365
0,83.4027048248975,0,-0.870483369117287,0.39,1.69,0.164848493210191,29.0470068956945
0,85.2423979438849,0,-0.76906575449951,0.39,2.76163588519542,0.224710921401155,18.9713047791778
0,50.958699611761,1,1.45854016514083,1.65110103383124,4.65517844991291,0.228510005034723,42.4316975042542
1,34.680446613625,1,1.2916900088007,1.22971947055386,3.51069652549241,0.0626348611572364,1.01747688254919
0,56.2931877411925,0,0.335501653619263,0.39,3.3271936887142,0.31441102362843,17.8725574171149
0,38.0444966467406,1,0.916662129263213,2.07901825405921,5.78478444528472,0.0570117754822934,21.0875768092365
0,71.6410565944525,1,0.254005355411033,0.39,2.8790719339224,0,43.9262186838327
0,42.4198853479249,0,-0.409094753374558,0.39,2.62108028534323,0.168585271263457,31.7284475465316
1,54.4102152452398,1,1.74582495703925,0.39,3.23664038146822,0.476304051738995,1.01747688254919
0,63.8655670334041,2,0.902268995910307,0.39,1.69,0.108458530872907,15.4520333210388
0,36.3733457605454,1,0.674951327335095,1.04743678857866,4.1455777413693,0.52464872475377,28.1224260451632
1,62.0469063528923,1,0.800751384914781,0.39,1.69,0.237553625374523,1.1194664066234
1,43.7833297475588,2,-0.00478919184694837,1.40594665948559,6.59454256580046,0.728628472304463,1.176798086248
1,58.5161126726131,1,2.27342297570537,0.39,1.69,0,1.11724083713738
0,69.5850335813468,0,-0.983572609737485,0.39,3.75438016857045,0.144436392028442,8.66960197732208
1,39.8226163725603,0,-0.0616795484816106,0.39,2.83173424484064,0.369727259418948,1.01747688254919
0,66.1391156335009,1,0.581996037123312,2.07182190388296,7.02684430580964,0,35.7629558500831
1,40.6491581907538,1,0.218306841598306,0.865739281071053,3.36286611923883,0.499843489436428,1.01747688254919
0,58.1330262251777,0,-0.0903897201376725,0.39,4.22329952284896,0.193706353087783,20.9508924418744
0,56.8124702426923,0,-0.45048169105647,0.39,4.08743309877017,0.0552215962286582,21.7342241249425
0,47.8337511229989,0,-0.253435462166613,0.39,4.07046970347025,0.0779289376339178,5.82158729599875
0,57.7583309228832,0,-0.92910674038855,0.39,4.34065401263036,0.0769590016583696,4.28128771923089
0,36.3685220025372,0,0.725860985135153,2.65946579139494,7.87473736828666,0,28.417199154232
0,51.9882836475288,0,-0.0611796376610296,1.06599249609715,5.29781632344192,0.694147037149118,11.0915649629353
1,61.6363002330998,1,0.756736434333279,0.39,3.57348983338883,0,1.01747688254919
0,13.7700204915989,1,1.74345640865625,3.5,8.15769356688066,0.0684118362823999,30.9686206073916
1,24.7189181333132,1,-0.0128445950525065,1.18674649969542,5.48534173818262,0.0980206465650823,1.13631451737817
0,37.7047218446973,2,-0.66605209565938,1.79341178284427,5.31616762668877,0.521781170766544,9.37832884433879
0,23.1047657525727,1,2.38524630968913,3.5,6.76150747227226,0.312029327350395,45.8841498838547
0,59.9205323269606,0,-0.656239282345284,0.39,3.55084685352493,0.363353898266489,29.7690197064542
1,39.7585921678854,0,0.109649731033198,1.34782926763307,5.25383762863739,0.168149580326635,1.01747688254919
1,23.0351115510522,0,-0.679287570860279,1.24256362189661,3.78715772003831,1,1.01747688254919
0,45.4036925610562,2,-2.06621861404267,0.93548177347895,4.09021009852231,0.0831497731946636,12.7245322144644
0,48.3556183581779,0,-1.13791022413346,0.39,3.67413311287492,0.228637861163123,9.69230276207338
0,66.1610832986146,0,-0.36950021227973,0.39,1.75048143446817,0,7.91659985122838
0,38.559021077215,2,0.36080165260523,2.86087799546637,8.01810373943905,0.279198129092189,14.8444787125047
0,70.5075169469976,0,-0.938093050713674,0.39,1.80450301484095,0.250798774182742,28.9075880971827
0,59.6176371437703,0,-0.332406266550687,0.39,2.51320831500488,0,34.3023383768089
0,54.2417301675732,1,0.21588754702292,1.07578822775345,6.07294737380678,0,46.5488152983783
0,41.7626754220195,0,-1.2328294747343,0.39,3.75518845787083,0.144266472071598,11.925710309355
0,83.4491585261513,2,-1.08058223408718,0.39,4.99600138795742,0.322991706039473,11.3310584404429
0,51.5867044315425,0,0.429130800766205,0.39,2.22051939319345,0,6.00463952104816
0,27.9709049135428,2,0.0326843757193135,1.92029757890265,4.25388215895407,0.609545491555773,7.8440173795278
0,45.2073754326768,1,1.64353067611048,1.29165872464624,3.13616375312243,0.417150889205375,21.0875768092365
1,17.5943341071058,1,2.1215209883498,1.18195448586992,2.50908185643951,0.955409516480915,1.01747688254919
0,49.499310510682,0,-0.820368833872373,0.39,2.94121153130041,0.821903313354004,32.5476679084912
1,48.56541755779,2,-0.0844564329533187,0.39,2.35588145125406,0.884950640238295,1.02084545761109
1,59.3392740990547,1,1.29173622237621,0.39,4.94304697802741,0.255658628292059,1.01747688254919
0,64.5674801026791,1,0.138681709108369,0.39,2.53546116250804,0,21.0875768092365
0,44.1037723150667,2,-1.11541701932548,0.791590141834369,3.67594110243242,0.375213492353441,12.3800150721787
1,61.3222572653202,1,1.14555698117042,0.39,1.69,0.0973789753000685,1.01747688254919
0,71.1864071063426,1,1.2880727570197,0.39,3.30328288775079,0,47.5668172508374
0,42.7387433375826,0,-0.748563659346589,0.39,1.69,0,8.31719625199561
1,38.0504007907634,1,0.186874586358447,0.39,1.69,0.268995980109065,1.01747688254919
0,63.2205738847116,0,-1.98137516565937,0.39,6.9428504766167,0,22.6230760668691
1,56.5442721772951,0,-0.228421182942844,0.39,4.82733207684426,0.677171882541404,1.01747688254919
0,57.216269312515,1,0.829223794707316,0.946711397116849,4.57980023695715,0.14928332308021,44.7524713721645
0,73.9816950991273,0,-0.14208392977936,0.39,1.69,0.175274732747848,21.8733336216
0,60.4479991006877,2,-1.57872834295923,0.39,4.72396739475212,0.217268492603043,13.3722963075193
0,65.2408992010115,1,-0.0484069141102395,0.39,4.14433784169017,0.0691813014528498,24.4003784182304
1,58.3990864163909,1,0.997721107195288,0.39,3.11280848042056,0.153862464929797,1.01747688254919
1,55.3788772504212,1,-0.194495699793694,1.1461451304744,5.05649103578661,0.0909673791422428,1.01747688254919
0,54.6203994957228,1,-0.716770339829624,1.36326320140136,5.6911968901339,0.805370735823795,22.2180737546771
0,72.3636001823203,0,0.0212436228796675,0.39,2.58391505124131,0.215494430228068,9.7468159983373
0,39.6253956294188,0,0.102946880191898,2.261150294465,7.69779441122742,0.259511250060807,31.8482283971289
1,38.1562928182106,0,-1.2422399090447,1.11667355974909,5.88172621081508,0.318604365297444,1.03666478042795
0,63.4558694505533,2,-0.753102240676328,1.32841818466888,5.69521876868203,0.175586098244003,15.0092734287148
1,46.5503305815417,1,0.0609350881139932,0.39,3.03081744936392,0.193544389582723,1.01747688254919
0,49.640902022454,1,1.38956775073389,1.12423614800651,3.25294451797402,0.158584780900469,26.7796483317607
0,64.5123409594568,0,-0.545353829876301,0.39,1.69,0,34.6252047342102
0,60.4795664883258,1,0.30324061037296,1.52899637767005,4.04822155189602,0.072457603122021,47.1405320901782
0,50.1821647590936,0,-1.06406485412018,0.39,4.06512052015301,0.454407428562267,32.8879322444899
0,49.4702810735782,0,-1.26461579877005,0.39,3.74904330762679,0.437258835804428,11.7659479243887
0,54.982011169883,0,-0.220660934621517,0.39,1.99799124455687,0.15453501970419,31.5918364342353
0,65.4214641780309,1,1.62277645898642,0.39,2.56850602603765,0.312647945999373,31.3417981118245
0,55.257614137664,1,1.4445744483639,2.43697209160882,7.3147121634647,0.0908726346322579,21.0875768092365
0,74.3859757272962,0,-1.11190787036042,0.39,1.69,0.0767774523577236,21.2496728898222
1,53.8224701653204,0,-1.76907900503693,0.39,2.64390858998947,0.28548574091534,1.0466266923532
0,69.9990597468103,0,-0.154823010088627,0.39,1.69,0.217968829212615,27.6370192549328
0,67.7292625684467,2,-0.691529806516626,0.39,1.69,0.357747836899914,6.07981156154072
0,63.7515348254365,2,-0.602302255953544,0.39,2.65801564260468,0.241994226185173,7.19840008630467
0,59.8508427677646,0,0.194393109390502,0.39,2.41412438901729,0,31.7912621628586
0,49.9364852020144,0,-1.14717845632341,0.39,2.31398945372736,0.272463144320619,26.493106429944
1,46.7202950464068,1,2.14767663539574,1.01109340402646,2.0247954641262,0,1.01747688254919
1,52.1202901424028,1,0.721203870144965,0.39,3.07428929448417,0.362966447891116,1.01747688254919
0,49.2401491162499,1,0.446393495732256,2.60075288318586,5.83298087292408,0.061070877690315,48.048883320288
1,63.5100567912931,1,0.911233312651983,0.39,2.40264659270177,0.140522836929277,1.01747688254919
0,52.3711040471241,0,-0.252955548641728,0.39,1.69,0.0956633123352917,16.4048663746892
0,52.9269296641763,0,-0.669041840358346,0.39,1.69,0,27.0374157603448
1,40.7323486766646,1,0.274800347542964,1.03489178618913,1.69,0.151576697044349,1.01747688254919
0,52.7336022818653,2,-0.759303025067724,0.39,1.69,0.155841731497342,14.2572300225784
0,47.3628679646666,1,-1.22881910137769,0.39,2.19342635958918,0.329208180182446,21.0875768092365
0,20.9056183415241,0,-0.878950958307001,0.822006087437434,2.4551585656178,0.107209570204199,23.9166746323596
1,34.7257573034664,2,-0.281239394977556,0.39,1.79142463549288,0.266919788063856,1.24150660651068
0,52.8968120598415,0,-0.642598467806761,2.06051758857426,7.41728688453186,0.105041102177247,18.0558272672286
0,44.2272489889544,1,1.73024592097619,2.23550087870334,7.16623485888932,0.216344920691052,45.491586421695
0,29.2991618132894,1,1.54488836985048,3.5,9.24804821203321,0.123991854337674,36.9175777566515
0,16.6833476363834,1,1.69114819233369,3.28011970493409,6.04484544629782,0.0729044709393145,36.0102149270263
0,49.5617298741908,2,-0.151559900404421,1.9166236961536,3.31671341011193,0.147401546336764,14.401468125971
0,64.3595651400885,2,-1.70361820864599,0.39,1.69,0.356699397136289,15.0725698785387
0,79.2423751567999,0,-0.521779338724934,0.39,1.69,0,3.80968958393282
1,47.8464721977548,1,2.59292253588736,0.39,2.5271410376903,0.614432707825632,1.01747688254919
0,75.2449363925732,0,-0.859425283564513,0.39,5.3380707727583,0.53992884394507,12.5075007005022
1,55.11652125242,0,-0.209215630329141,0.776758694034733,4.68781411231879,0.0948199143645936,1.17689254467035
1,50.3034999754397,1,1.23106142795302,0.794576659800354,5.28065293816332,0.206249491590211,1.01747688254919
1,53.6429564894854,1,1.60995491164046,0.39,3.0120702533766,0,1.01747688254919
1,34.5692613675631,1,0.850514157372362,0.911300982485628,1.69,0.343370361637301,1.01747688254919
0,47.6348746362411,1,0.505834356631381,1.03296064371602,4.26352573020667,0.975828292058241,42.2891669862981
0,62.9551629642862,1,1.16562563231492,0.39,2.69549614164982,0.289773785738924,50.468264237188
0,43.2300229526596,0,-0.379895384571353,0.803295926273713,3.1103785125044,0.113455650811609,30.290650940106
0,43.3285774275568,1,0.929933337956738,3.16095274688681,8.09129180043958,0,22.8324494949732
0,30.146396141242,1,1.12850729228792,2.59274534606724,5.84985039050833,0.219874126836533,28.3440585632436
0,54.1140837780338,1,1.47652341364619,0.818810350840185,2.9207041427385,0.132641967011629,35.5306126401591
1,55.2381367312511,1,0.388686211689023,0.39,1.69,0.0822038737166206,1.01747688254919
0,64.2839742719678,2,0.161902937256919,0.93870880571042,2.61172171290318,0,14.9855986613266
0,36.5201227818635,0,1.0085643646401,1.78932385920782,5.84483158215886,0,6.29146888479077
1,55.4621316194102,0,0.504472836020743,0.39,4.06159912340537,0.172406980743321,1.0926162696556
0,40.4561633817587,0,-0.841264473898555,0.39,4.36418041353421,1,27.0322647129636
0,53.9259871076605,0,-1.79465971854195,0.39,5.54419405376804,0.214703880375002,28.5765197021983
0,69.8828249581275,1,1.14935401407967,0.39,2.57952111626334,0.238419781028348,33.8011666746654
0,46.7442457652697,0,0.0885978258480821,0.39,2.90252466357447,0.203695131338571,29.7987506178642
1,59.8953943097206,1,1.8124875744117,0.39,2.68270640039398,0,1.01747688254919
0,43.7578028053497,2,-1.37382135797132,1.4644448237321,5.33124462507977,0.0646400861746231,5.99618349779126
0,47.101049656642,0,-1.30019374945938,0.39,3.10027999835047,1,8.19685808522291
0,55.460273930963,1,1.22222241401184,1.62731912973133,4.86790517038876,0.162400824386144,25.5394686358239
1,37.6242527841512,1,1.67322538897653,0.39,1.69,0.112104582138921,1.05363110928462
1,21.287788111228,1,1.89935158600935,1.10710835711502,1.80326225045874,1,1.1691590859019
0,71.9902701598736,0,0.0440925769840006,0.39,3.09329540873732,0,4.64302025690557
0,59.0751536112293,0,-1.19905355304793,0.39,4.79647384976109,0,13.3806129979704
0,45.6007103687995,0,-1.43915258873258,0.39,2.87423896044091,0.157187816183341,3.80968958393282
0,16.6428099574454,1,-0.743854083247144,1.4181635636901,3.43562717477044,0.387489049540672,51.353796557252
0,81.0832866116955,0,-0.172897144255247,0.39,1.69,0.358470410560293,24.3085056926848
0,104.543346493855,2,-0.0400362382375251,0.39,2.73394280315578,0.786491503587801,8.69186262224314
0,56.8930165094466,0,-0.290694430101781,0.39,1.69,0,25.7494120013561
0,62.0194936153224,1,0.129499704631068,0.39,3.99938501572122,0,45.4265129002306
0,71.4106369228959,0,0.567530992393324,0.39,5.68940309852419,0,9.2594281236371
1,37.2621794414587,1,0.76063494322182,0.39,2.91987112717271,0.107368373298882,1.01747688254919
1,42.8564405059294,1,2.72938681912616,1.34330453450361,5.05858207516483,0.262824590583322,1.21821531832868
1,29.2788543526588,0,-0.140522568646372,0.994309798989656,3.82216372557082,0.148689824357691,1.17311322870025
1,36.7073330171372,1,2.19008526821006,2.20710524197869,4.6083858701808,0,1.01747688254919
0,62.8156457388675,0,-0.294350967216454,0.39,1.69,0.143710603764279,34.9303737788359
0,49.781848405959,0,-0.569719720217091,0.39,4.36498052648612,0.285852760477204,15.2214784143073
1,50.8738595973256,0,-1.23010670032227,0.950226550211445,6.13291156899106,0.0873545816422969,1.06987304513508
0,52.3248221932674,0,-0.91378707010689,1.58770140954962,7.06023052824847,1,26.2532573679383
1,27.3298214382784,0,-0.557496765498005,0.39,1.8276439177574,1,1.01747688254919
0,65.8876604823149,0,-0.328159918109988,0.39,4.10386659896939,0.0743239795711979,8.2654009852643
1,33.3273128542149,0,-0.54782073777915,0.39,3.00604510235321,0.783213105270951,1.0203077519473
0,45.1321643627096,1,0.93667571038629,1.34728354556962,4.71400929691071,0.0956780656580932,30.4913310877904
1,41.4624197684023,1,1.26778734002696,1.75132944729102,3.40848818843399,0.434392881696344,1.14796620075434
0,51.5552330480215,2,-0.916638128677614,0.39,3.11394200250345,0,9.69686677672148
0,74.7707756910634,0,-0.898058146679225,0.39,4.1569980486147,0.193992138477375,24.8577580711996
1,45.6232561983692,0,-1.53884829231282,0.39,5.18525929921312,0.693219245066434,1.01747688254919
0,35.9650758175601,1,1.8749296276937,1.91418625626098,4.46420461593758,0.202906669086099,44.2940889881585
0,32.2402025670398,0,-0.491980150831059,0.92639281924918,4.98057189311461,0,15.7406609652271
1,35.6044652646155,1,1.02310257553615,0.965320113538464,4.70786276410667,0.538023408401809,1.14538103963278
1,37.6423636682006,2,-1.05699113063986,1.10270692339246,4.58975673828556,0.835160306869814,1.01747688254919
1,54.9692229988485,1,0.872733996259292,0.39,3.55847427039808,0.505786301842838,1.01747688254919
0,34.6900952053952,1,0.104163334648974,2.07790343540631,5.84635106198184,0.0851903505227235,27.4395686826297
0,53.3113410755261,1,0.138501772485759,1.47743901433757,4.87491828134547,0.123125779822559,25.9925296014591
0,46.1237051790052,1,-0.658141504271083,1.22240541296624,5.29048018194473,0.0891365304484903,42.8976377754334
0,33.4690620554201,0,0.15925971840451,1.73737526168432,6.20349474658941,0.148194345072179,9.54634502363355
0,43.1567187609367,2,-0.49512775114381,2.11740976091068,4.94377821324676,0.624969596090929,9.17226374861171
0,66.5654176677902,0,-1.30272123674753,0.39,2.74914966204686,0,11.40728163992
0,66.8218273887949,0,0.28611799521442,0.39,1.69,0.0829576978610843,32.1292375952396
0,82.5586791474874,0,-0.0895322503368175,0.39,1.69,0.370283564757039,3.80968958393282
0,54.7121385100783,2,-0.0956010216136375,0.39,1.74255005096061,0.320685111579285,9.47574524869364
1,24.592856713743,1,0.892890023986219,1.71180740212657,3.68948152367775,0.100051326035223,1.03451865409317
1,36.1993171528502,1,0.712336078377309,0.39,2.89493789699863,0.10746556392771,1.01747688254919
0,60.7622806457947,2,-0.640322643402251,0.39,2.92937285460835,0,4.91803530759119
0,81.0536907422016,0,-0.242734500056097,0.39,1.69,0.364471584412983,13.7265582712216
0,50.2153759777428,1,1.8324646175494,0.39,2.23563590281783,0.0722873029605413,26.9345277239953
0,70.2091593136299,0,0.582685612912499,0.39,3.58159211023046,0.189874397437918,7.35204848007433
0,64.894935526051,0,-0.879340213005154,0.39,3.51553744974391,0.243902572465245,5.56955045546497
0,37.2583422989013,0,-1.23220838276888,0.39,3.12339870319943,0,18.6460671556759
0,45.7298317539133,1,1.19209736004406,1.40817367310444,5.66606581708287,0.186485663192866,51.0679935031691
1,69.2866753934508,1,3.86809204393032,0.39,1.69,0.198486076092884,1.01747688254919
1,62.4389650152386,1,0.707074459255491,0.39,4.12406528829345,0.775899019500582,1.01747688254919
0,60.5516224046427,0,0.273504203012241,1.27302878645336,6.31217229398147,0.186051576229911,34.7276194009699
0,60.7417226856827,0,-0.694040766705642,0.39,2.38981443360051,0,21.9508627160063
1,40.6192819456606,1,0.661338680974491,1.38928814225473,4.5901378304729,0.372661246263182,1.01747688254919
1,27.4081354378715,1,0.448931583411764,1.05377142156348,3.10322266687883,0.140885130517202,1.01747688254919
0,72.4221583542412,0,-0.671848781213926,0.39,2.81017912814115,0.575880060515349,31.4191078271394
0,33.6595132503763,0,0.619133031844775,2.18814625546723,5.59665620545971,0.128914815428805,23.162554872976
1,40.9794991830122,2,-0.38113076635292,0.39,2.07783129237662,0.0784825354726939,1.19815959002096
0,62.9092136530024,0,-0.18516133080135,0.39,2.01048844814371,0.982322052145376,18.0304893735816
0,28.3206641819362,1,1.86802660167549,2.42447609803977,5.20010570524459,0.349710193506708,39.5461426191804
1,46.0541758997984,0,0.918678636419259,2.1883868890455,4.41304695699819,0.2780472954345,1.15930502154889
0,37.3984192230356,2,-0.0740589949912821,2.1178178485415,5.61472814673321,0.371000875451527,6.71833596947287
0,62.790720426834,0,-1.51892766981453,0.39,5.68253188778058,0.159805771011839,16.8946359997836
1,55.5813992315678,1,0.15296248692544,0.39,4.92614500713898,0.545074457335381,1.01747688254919
0,60.9589682899348,2,-1.60696356237118,0.39,1.69,0.0914161129094898,13.5707754304774
0,60.2471421738041,0,-2.50922365226982,0.39,3.60051741396458,0.312326193441861,33.9845913707942
0,57.3514281234085,1,2.28207759437784,1.24846460474121,2.44999921202471,0.0621240279331084,44.0411122875036
0,63.0575400960395,0,-0.86864848077535,0.39,3.13130474012424,0,18.3838927554125
0,25.8601106975075,2,-0.320773186881024,2.87543282952074,6.1917523173283,0.178683406693663,9.67271833217468
0,51.8072988399206,0,0.298540799958515,0.39,3.98615029054272,0,35.2037088083492
1,50.2545426930954,1,0.63084401393246,0.39,3.83750667906761,0.208129077746393,1.24801326242288
0,60.022927739998,1,0.976069655743722,0.39,2.98003989077475,0.0977540051328844,32.7459879694094
1,29.5127033273217,1,1.42055690475275,1.77238472466557,4.9118336337042,0.10841102637672,1.01747688254919
0,46.8002719140373,0,-0.367310152957811,0.39,1.69,0,21.7186000052435
1,38.6064855198837,0,-1.06413292443348,0.39,3.0412747033666,0.674957665338274,1.17664066473419
0,69.0223391314987,0,-0.0155273912092508,0.729341757569292,6.16310299378908,0.0636029299184073,30.9214767520562
0,72.1887355329893,0,-0.144539999742881,0.39,4.07236522059545,0.0873418620804351,32.417105321896
0,66.3296581240657,2,-0.763726607639858,0.39,1.69,0.10549329866245,9.49276772566176
0,36.4831057430698,0,-1.37629457380858,0.39,1.69,0.298140818565456,3.83190628234365
1,55.6713760140894,1,1.67986878229235,0.39,1.69,0.157613805141821,1.1569034939281
1,66.8165087177087,1,2.4073795858815,0.39,4.11952326816008,0.343466093703572,1.26040543802527
0,51.1397295153577,1,2.3643234523924,1.29289697351625,4.2975531056088,0.0943280479335164,32.1717349282822
1,45.8509320551133,0,0.083276072859523,0.39,2.48397638914998,1,1.01747688254919
1,38.8179282550278,2,-0.889910699899326,1.02423342339177,3.25368989854727,0.238468844356106,1.04151747372198
1,44.4350619432635,0,-0.894859978021926,0.39,5.65919867987419,0.829030746203817,1.15261514080986
0,65.2603658789723,2,-0.957673779259822,0.39,2.58634875486919,0.147110323301652,9.2261930114341
0,47.7700225767552,0,-0.811502005788,0.39,3.48254084323853,0.212825386081201,21.8508671100506
0,57.180413300898,0,-0.0305967293638733,1.63831235399187,3.99087896446497,0.176270307887217,17.919380150556
0,72.4153069873866,0,-0.346048976618306,0.39,2.47672748842535,0.275908816947378,14.470871804941
0,62.1865291581357,0,-1.81798015309647,0.39,1.73707052257419,0.0812417422254819,12.8351329670403
0,74.8013212033262,2,-1.78269602582596,0.39,2.12138565462043,0,4.73475781188518
1,29.7815008190627,2,-0.591570149013336,0.846508427247492,2.08821691099128,0.589317455941929,1.01747688254919
0,43.9816480886187,1,1.23705696263496,2.46645619656009,4.62969351085139,0.166961208601117,38.2938731733737
1,49.498301291091,1,-1.01404597233624,1.19483141635707,6.2796930451958,0.239888993311356,1.02881344666956
0,57.6919830867535,1,0.35180315251946,0.769708236000117,3.80369365303481,0.0940029348709157,21.0875768092365
0,37.5979948404467,2,-0.558906856725913,1.63639564813297,5.63987488144332,0.600981208000741,14.1504039546984
1,65.4388189355055,0,0.493730326641374,0.39,1.71481616900052,0.250504388117468,1.04678476473762
1,53.364762005061,1,-0.744173737760958,0.39,3.20820653683147,0,1.01747688254919
0,58.6380004081291,2,-1.39047699786738,0.39,3.1442547544836,0,15.880007438023
0,61.1895003678394,0,-1.27731338003949,0.39,1.69,0.225706725125498,35.2100479693038
0,52.2705975260039,0,-0.402481116946671,0.39,3.62576720395993,0.0765686819192129,11.3140862759157
0,63.2279829116191,1,1.40277008186159,0.891203513730373,4.06552422731499,0.527941356222599,21.0875768092365
0,58.803157991467,1,0.805940180328339,0.39,4.63048056412046,0.368388178778601,49.6485902818773
0,51.7874152190946,0,-1.64796623220258,0.887747648987808,6.14360427426466,0,26.4501452745425
1,65.0602108577006,1,0.522091311167909,0.39,1.69,0.192718814302506,1.01747688254919
0,53.128114164337,1,0.586275370156966,1.60958075873754,4.67800847830483,0,21.0875768092365
1,64.5835538273252,2,-0.708071913751154,0.841665921132396,4.64496440739549,0.111360305343809,1.24331748949603
1,45.4502899326274,0,0.605966136971164,0.39,3.19220104049278,0.675502300866659,1.01747688254919
0,76.4902847368533,0,-0.996174758812484,0.39,3.95005711374415,0.108788556441631,34.2055733767566
0,48.3964369317716,1,1.16956789107847,0.39,1.69,0.227006752816512,34.1205795466263
0,66.0334366954497,0,-1.01611939088579,0.39,3.48843102265348,0.265135804701065,15.1852911077878
1,46.8626371503107,1,-0.0363993067611883,0.39,1.69,0.301928356982349,1.22022719461841
0,49.9400892023608,0,-0.0816205200811204,0.39,4.12917875102336,0,3.80968958393282
0,66.2821095978161,2,-1.25772733674297,1.26256632788973,6.38497271554392,0.279964448485224,11.6695050147495
0,23.1761371770762,1,3.60528308861671,3.5,7.30447861655952,0.360775241593376,26.5026000539083
0,60.7595921215083,0,-0.460189912993348,0.39,1.69,0.167417760613443,20.1248251524679
0,59.5491749891184,0,-0.482699434533278,0.39,4.30288641307606,0.127691736169295,11.6420424387488
0,15.1909132005968,2,-0.619901174839299,2.01673962489519,3.9896266622817,0.0675981040496454,16.0335442586675
1,54.3378670479343,1,2.7885699535669,1.10812846855567,3.26830507422638,0.804975725554336,1.01747688254919
1,22.9798623993722,0,-0.0621277584435285,0.39,1.69,0.160281573510912,1.2440525296585
0,64.4521904327658,2,-0.739448069175132,0.39,3.9860932121343,0.255755413626132,10.4800937445078
1,48.1001816182687,2,-1.33262739595712,0.926630341680099,2.67685827180446,0.6409023385539,1.0855778562772
1,37.371758148697,1,0.148184002492234,0.961201596852278,4.68069887323713,0,1.01747688254919
0,54.6641860032261,2,-1.08555521113666,0.980570421989286,3.14106022763544,0,13.8581828433569
0,73.5301819093997,0,0.321761789761434,0.39,1.69,0.219381942874984,35.1092636861644
0,38.3229477262681,1,0.926590424770186,1.15077211004905,4.53964062343547,0.112851774817554,43.5337538897721
0,61.8977461793711,0,-1.05220798809207,0.39,4.37529407676483,0.133667885179762,8.09617506668404
1,53.903556714726,1,1.82526895985352,0.837352955856977,3.47852111502554,0.207715885949893,1.03525904012747
1,29.6398309223601,1,2.33195270747846,1.66965701899022,5.21173013890622,0.283327154615574,1.0359178702534
1,20.6805524272858,1,0.463483555478589,2.37847428618371,3.49302282749033,0.199569113178017,1.01747688254919
1,16.6666323372249,1,0.6921276157335,2.13308151153398,7.10191755537389,0.509056310459085,1.01747688254919
0,61.800269052186,0,-0.284122232055863,0.39,2.44141225410533,0.263670445530218,10.461865468005
1,47.9057440041545,1,1.09526847746351,0.39,2.41971316108494,0.197583942098223,1.03221658039924
0,80.3462138767392,0,-0.24156698088016,0.39,4.68246182789432,0.201688221143915,34.6236184833879
0,57.6135729861312,1,2.66999056005336,1.73638817492137,5.45455755016969,0,49.8352057470723
0,67.2402457630932,2,-0.615909488552784,0.39,4.48874028085148,0.118098741990509,4.73475781188518
0,69.7513431990434,1,0.842570070470094,0.39,3.3747702210621,0.358666889448284,27.8845654270659
0,40.4706721425968,1,1.54436808049704,2.51111426572962,6.97387708179841,0.478335379777761,21.16209074828
0,62.2541466499073,2,-0.608752685034581,0.39,1.69,0,7.74373865445385
0,66.3324804821468,0,-0.0873213981174092,0.39,5.2890584273433,0.0847520742126827,15.0684908962631
0,70.3092899128756,1,0.894538371014922,0.39,6.34372743674302,0.172922440499101,21.0875768092365
0,64.817426396655,0,-0.215680698855234,0.39,3.17332358432802,0.127227899578735,33.6258481483249
0,59.9428584980136,0,-1.61411560403157,0.39,4.43772287711166,0.225358945467751,29.0302076158428
0,41.5385995389865,0,-0.51499083294148,1.17599600105235,4.99384603443335,0.227832155686291,25.2569436811152
0,64.3450943223149,0,-0.884318449932314,1.02798233265981,5.49218392494858,0,21.5307026310705
0,61.0721849549513,0,-1.35411321037768,0.39,1.69,0.142767745857297,21.2353535176636
0,58.580102501934,1,0.721315890981836,0.39,5.06515667600064,0,31.6419502976402
0,60.9848144138662,2,-0.33566473176114,0.39,1.69,0.229975983213049,6.2379207691043
0,51.0504766187872,0,-0.460343165947703,1.91818817677966,7.64070651885448,0.61053111719059,17.1923388902737
0,52.8343071452498,0,-0.0415360147048072,0.39,2.27395270763981,0,23.4387379380405
1,59.4275806648157,1,1.96161300144088,0.39,2.56632612902448,0.211558752435019,1.20459227529254
1,56.3813155838054,0,0.0525030212811928,0.39,3.82423076493417,0.107173020661904,1.24228921708353
1,42.0826531236816,0,-0.750744818510529,0.39,1.69,0.918109332453379,1.0704907615821
0,49.7897970627387,0,-1.44998687154283,0.39,3.03851587650758,0.25140999743217,23.558048446515
1,27.4122774104696,1,0.842906531913316,1.35072641576493,4.32689029734051,0.739682547659566,1.07568658426047
0,40.5663965880443,2,0.181332805282075,1.20363702396394,3.21581981379121,0.18987200792341,9.06298024926705
0,46.152687714981,1,0.988428289539371,2.23769282817713,7.68847035965796,0,33.5568590756721
1,19.7693037420038,1,-0.400127934211607,0.39,1.69,0.592631266919707,1.13006631171276
1,29.8295179901888,0,-0.182336891117025,0.39,3.90163110465519,0,1.01747688254919
0,70.9529636590919,2,-0.394111378645825,1.25186901970295,5.36487012255966,0,12.9948520010025
1,39.2596239185443,1,0.732735182918435,0.39,2.18057226619986,0.155384522919707,1.01747688254919
1,18.9147202104609,1,1.25851327946225,2.03228385754256,4.16431561889571,1,1.01747688254919
0,52.3204874049976,0,0.429357643687336,2.05569444851662,7.29978086564886,0,3.80968958393282
0,72.7881888446551,0,0.38045606527085,0.39,1.69,0.146627079920201,18.7735467901685
0,63.3843793534352,0,-0.842573579153036,0.39,1.69,0.249562703301295,24.7163629073802
0,61.245252336136,2,-0.56985805755551,0.39,1.69,0,15.3235511503069
0,70.828059329073,0,-1.53772275448539,0.39,4.19570989888707,0.317262625583732,22.1718180022147
0,43.4372449666134,2,-1.04845814954916,0.39,2.1265639310624,0.100124037479642,13.3673391473897
1,64.3469332247985,0,0.874438216676542,0.39,3.97022568052261,0,1.01747688254919
1,39.0926186846553,1,2.47195168130962,0.39,2.49673060779481,0.237819792807248,1.01747688254919
1,48.4722772965356,1,0.889698375378222,0.39,3.26519262677184,0.173122526959822,1.19896085804928
0,83.7938183099475,1,0.465376416425221,0.697908703459963,4.24000015279785,0,44.0453618369634
0,67.7690142792518,0,-1.47678641041223,0.39,3.30000853529599,0.212546113345872,21.2109641486903
1,60.7143199621062,1,3.04726707064563,0.39,1.69,0,1.01747688254919
1,30.7757411878666,1,1.20471228098702,1.75522535379217,3.01676433820207,0,1.01747688254919
0,42.7088837071111,0,-0.938473988429694,1.03548688233622,5.18346264367712,0.116363888388423,34.7509669806407
0,84.9051636042468,1,2.08726525833084,0.820097227642855,6.14965112081702,0.106734947365895,46.4116403210037
1,38.3258939080655,0,-1.29074480421693,0.39,1.69,0.342101609370519,1.25403218117183
0,57.9137690095807,2,-0.105853387037104,0.39,2.929578993015,0.129898758307765,7.19298990881549
0,66.6718804831455,0,0.479158685034517,0.39,2.81749747839448,0,15.0493168783382
0,64.7152600222646,1,0.907180711563359,0.39,1.69,0.0765735079695857,34.7586097815337
1,69.4772715966411,0,0.486411646704614,0.39,1.69,0.240959942407564,1.11064808769066
0,45.8572180817147,1,1.68739669628469,2.26991984704155,7.29438079038529,0.44145492445964,31.7687355768982
